14/04/2021 13:20:04,9,5,0,4
14/04/2021 13:20:04,9,5,0,4
14/04/2021 13:20:04,9,5,0,4
14/04/2021 13:20:04,9,5,0,4
14/04/2021 13:20:04,9,5,0,4
14/04/2021 13:20:04,9,5,0,4
14/04/2021 13:20:04,9,5,0,4
14/04/2021 13:20:04,9,5,0,4
14/04/2021 13:20:04,9,5,0,4
14/04/2021 13:20:04,9,5,0,4
14/04/2021 13:20:04,9,5,0,4
14/04/2021 13:20:04,9,5,0,4
14/04/2021 13:20:04,9,5,0,4
14/04/2021 13:20:04,9,5,0,4
14/04/2021 13:20:04,9,5,0,4
14/04/2021 13:20:04,9,5,0,4
14/04/2021 13:20:04,9,5,0,4
14/04/2021 13:20:04,9,5,0,4
14/04/2021 13:20:04,9,5,0,4
14/04/2021 13:20:04,9,5,0,4
14/04/2021 13:20:04,9,5,0,4
14/04/2021 13:20:04,9,5,0,4
14/04/2021 13:20:04,9,5,0,4
14/04/2021 13:20:04,9,5,0,4
14/04/2021 13:20:04,9,5,0,4
14/04/2021 13:20:04,9,5,0,4
14/04/2021 13:20:04,9,5,0,4
14/04/2021 13:20:04,10,7,0,3
14/04/2021 13:20:04,10,7,0,3
14/04/2021 13:20:04,10,7,0,3
14/04/2021 13:20:04,10,7,0,3
14/04/2021 13:20:04,10,7,0,3
14/04/2021 13:20:04,10,7,0,3
14/04/2021 13:20:04,10,7,0,3
14/04/2021 13:20:04,10,7,0,3
14/04/2021 13:20:04,10,7,0,3
14/04/2021 13:20:04,10,7,0,3
14/04/2021 13:20:04,10,7,0,3
14/04/2021 13:20:04,10,7,0,3
14/04/2021 13:20:04,10,7,0,3
14/04/2021 13:20:04,10,7,0,3
14/04/2021 13:20:04,10,7,0,3
14/04/2021 13:20:04,10,7,0,3
14/04/2021 13:20:04,10,7,0,3
14/04/2021 13:20:04,10,7,0,3
14/04/2021 13:20:04,10,7,0,3
14/04/2021 13:20:04,10,7,0,3
14/04/2021 13:20:04,9,5,0,4
14/04/2021 13:20:04,9,5,0,4
14/04/2021 13:20:04,9,5,0,4
14/04/2021 13:20:04,9,5,0,4
14/04/2021 13:20:04,9,5,0,4
14/04/2021 13:20:04,9,5,0,4
14/04/2021 13:20:04,9,5,0,4
14/04/2021 13:20:04,9,5,0,4
14/04/2021 13:20:04,9,5,0,4
14/04/2021 13:20:04,8,5,0,3
14/04/2021 13:20:04,8,5,0,3
14/04/2021 13:20:04,8,5,0,3
14/04/2021 13:20:04,8,5,0,3
14/04/2021 13:20:04,8,5,0,3
14/04/2021 13:20:04,8,5,0,3
14/04/2021 13:20:04,8,5,0,3
14/04/2021 13:20:04,8,5,0,3
14/04/2021 13:20:04,9,5,0,4
14/04/2021 13:20:04,9,5,0,4
14/04/2021 13:20:04,9,5,0,4
14/04/2021 13:20:04,9,5,0,4
14/04/2021 13:20:04,9,5,0,4
14/04/2021 13:20:04,9,5,0,4
14/04/2021 13:20:04,9,5,0,4
14/04/2021 13:20:04,9,5,0,4
14/04/2021 13:20:04,9,5,0,4
14/04/2021 13:20:04,9,5,0,4
14/04/2021 13:20:04,9,5,0,4
14/04/2021 13:20:04,9,5,0,4
14/04/2021 13:20:04,9,5,0,4
14/04/2021 13:20:04,9,5,0,4
14/04/2021 13:20:04,9,5,0,4
14/04/2021 13:20:04,9,5,0,4
14/04/2021 13:20:04,9,5,0,4
14/04/2021 13:20:04,9,5,0,4
14/04/2021 13:20:04,9,5,0,4
14/04/2021 13:20:04,9,5,0,4
14/04/2021 13:20:04,9,5,0,4
14/04/2021 13:20:04,9,5,0,4
14/04/2021 13:20:04,9,5,0,4
14/04/2021 13:20:04,9,5,0,4
14/04/2021 13:20:04,9,5,0,4
14/04/2021 13:20:04,9,5,0,4
14/04/2021 13:20:04,9,5,0,4
14/04/2021 13:20:04,7,4,0,3
14/04/2021 13:20:04,7,4,0,3
14/04/2021 13:20:04,7,4,0,3
14/04/2021 13:20:04,7,4,0,3
14/04/2021 13:20:04,7,4,0,3
14/04/2021 13:20:04,7,4,0,3
14/04/2021 13:20:04,7,4,0,3
14/04/2021 13:20:04,7,4,0,3
14/04/2021 13:20:04,7,4,0,3
14/04/2021 13:20:04,7,4,0,3
14/04/2021 13:20:04,7,4,0,3
14/04/2021 13:20:04,7,4,0,3
14/04/2021 13:20:04,7,4,0,3
14/04/2021 13:20:04,7,4,0,3
14/04/2021 13:20:04,8,6,0,2
14/04/2021 13:20:04,8,6,0,2
14/04/2021 13:20:04,8,6,0,2
14/04/2021 13:20:04,8,6,0,2
14/04/2021 13:20:04,8,6,0,2
14/04/2021 13:20:04,8,6,0,2
14/04/2021 13:20:04,8,6,0,2
14/04/2021 13:20:04,8,6,0,2
14/04/2021 13:20:04,8,6,0,2
14/04/2021 13:20:04,8,6,0,2
14/04/2021 13:20:04,8,6,0,2
14/04/2021 13:20:04,8,6,0,2
14/04/2021 13:20:04,8,6,0,2
14/04/2021 13:20:04,8,6,0,2
14/04/2021 13:20:04,8,6,0,2
14/04/2021 13:20:04,8,6,0,2
14/04/2021 13:20:04,8,4,0,4
14/04/2021 13:20:04,8,4,0,4
14/04/2021 13:20:04,8,4,0,4
14/04/2021 13:20:04,8,4,0,4
14/04/2021 13:20:04,8,4,0,4
14/04/2021 13:20:04,8,4,0,4
14/04/2021 13:20:04,8,4,0,4
14/04/2021 13:20:04,8,4,0,4
14/04/2021 13:20:04,8,4,0,4
14/04/2021 13:20:04,8,4,0,4
14/04/2021 13:20:04,8,4,0,4
14/04/2021 13:20:04,8,4,0,4
14/04/2021 13:20:04,8,4,0,4
14/04/2021 13:20:04,8,4,0,4
14/04/2021 13:20:04,8,4,0,4
14/04/2021 13:20:04,8,4,0,4
14/04/2021 13:20:04,8,4,0,4
14/04/2021 13:20:04,8,4,0,4
14/04/2021 13:20:04,8,4,0,4
14/04/2021 13:20:04,8,4,0,4
14/04/2021 13:20:04,8,4,0,4
14/04/2021 13:20:04,8,4,0,4
14/04/2021 13:20:04,8,4,0,4
14/04/2021 13:20:04,8,4,0,4
14/04/2021 13:20:04,8,4,0,4
14/04/2021 13:20:04,8,4,0,4
14/04/2021 13:20:04,8,4,0,4
14/04/2021 13:20:04,8,4,0,4
14/04/2021 13:20:04,8,4,0,4
14/04/2021 13:20:04,8,4,0,4
14/04/2021 13:20:04,8,4,0,4
14/04/2021 13:20:04,8,4,0,4
14/04/2021 13:20:04,8,4,0,4
14/04/2021 13:20:04,8,4,0,4
14/04/2021 13:20:04,8,4,0,4
14/04/2021 13:20:04,8,4,0,4
14/04/2021 13:20:04,8,4,0,4
14/04/2021 13:20:04,8,4,0,4
14/04/2021 13:20:04,8,4,0,4
14/04/2021 13:20:04,8,4,0,4
14/04/2021 13:20:04,8,2,0,6
14/04/2021 13:20:04,8,2,0,6
14/04/2021 13:20:04,8,2,0,6
14/04/2021 13:20:04,8,2,0,6
14/04/2021 13:20:04,8,2,0,6
14/04/2021 13:20:04,8,2,0,6
14/04/2021 13:20:04,8,2,0,6
14/04/2021 13:20:04,8,2,0,6
14/04/2021 13:20:04,8,2,0,6
14/04/2021 13:20:04,8,2,0,6
14/04/2021 13:20:04,8,2,0,6
14/04/2021 13:20:04,8,2,0,6
14/04/2021 13:20:04,8,2,0,6
14/04/2021 13:20:04,8,2,0,6
14/04/2021 13:20:04,8,2,0,6
14/04/2021 13:20:04,8,2,0,6
14/04/2021 13:20:04,8,2,0,6
14/04/2021 13:20:04,8,2,0,6
14/04/2021 13:20:04,8,2,0,6
14/04/2021 13:20:04,8,2,0,6
14/04/2021 13:20:04,8,2,0,6
14/04/2021 13:20:04,8,2,0,6
14/04/2021 13:20:04,8,2,0,6
14/04/2021 13:20:04,8,2,0,6
14/04/2021 13:20:04,8,2,0,6
14/04/2021 13:20:04,8,2,0,6
14/04/2021 13:20:04,8,2,0,6
14/04/2021 13:20:04,8,2,0,6
14/04/2021 13:20:04,8,2,0,6
14/04/2021 13:20:04,8,2,0,6
14/04/2021 13:20:04,8,2,0,6
14/04/2021 13:20:04,8,2,0,6
14/04/2021 13:20:04,8,2,0,6
14/04/2021 13:20:04,8,2,0,6
14/04/2021 13:20:04,8,2,0,6
14/04/2021 13:20:04,8,2,0,6
14/04/2021 13:20:04,8,2,0,6
14/04/2021 13:20:04,8,2,0,6
14/04/2021 13:20:04,8,2,0,6
14/04/2021 13:20:04,8,2,0,6
14/04/2021 13:20:04,8,2,0,6
14/04/2021 13:20:04,8,2,0,6
14/04/2021 13:20:04,8,2,0,6
14/04/2021 13:20:04,8,2,0,6
14/04/2021 13:20:04,8,2,0,6
14/04/2021 13:20:04,8,2,0,6
14/04/2021 13:20:04,8,2,0,6
14/04/2021 13:20:04,8,2,0,6
14/04/2021 13:20:04,8,2,0,6
14/04/2021 13:20:04,8,2,0,6
14/04/2021 13:20:04,8,2,0,6
14/04/2021 13:20:04,8,2,0,6
14/04/2021 13:20:04,8,2,0,6
14/04/2021 13:20:04,8,2,0,6
14/04/2021 13:20:04,8,2,0,6
14/04/2021 13:20:04,8,2,0,6
14/04/2021 13:20:04,9,2,0,7
14/04/2021 13:20:04,9,2,0,7
14/04/2021 13:20:04,9,2,0,7
14/04/2021 13:20:04,9,2,0,7
14/04/2021 13:20:04,9,2,0,7
14/04/2021 13:20:04,9,2,0,7
14/04/2021 13:20:04,9,2,0,7
14/04/2021 13:20:04,9,2,0,7
14/04/2021 13:20:04,9,2,0,7
14/04/2021 13:20:04,9,2,0,7
14/04/2021 13:20:04,9,2,0,7
14/04/2021 13:20:04,9,2,0,7
14/04/2021 13:20:04,9,2,0,7
14/04/2021 13:20:04,9,2,0,7
14/04/2021 13:20:04,9,2,0,7
14/04/2021 13:20:04,9,2,0,7
14/04/2021 13:20:04,9,2,0,7
14/04/2021 13:20:04,9,2,0,7
14/04/2021 13:20:04,10,4,0,6
14/04/2021 13:20:04,10,4,0,6
14/04/2021 13:20:04,10,4,0,6
14/04/2021 13:20:04,10,4,0,6
14/04/2021 13:20:04,10,4,0,6
14/04/2021 13:20:04,10,4,0,6
14/04/2021 13:20:04,10,4,0,6
14/04/2021 13:20:04,10,4,0,6
14/04/2021 13:20:04,10,4,0,6
14/04/2021 13:20:04,10,4,0,6
14/04/2021 13:20:04,10,4,0,6
14/04/2021 13:20:04,10,4,0,6
14/04/2021 13:20:04,10,4,0,6
14/04/2021 13:20:04,10,4,0,6
14/04/2021 13:20:04,10,4,0,6
14/04/2021 13:20:04,10,4,0,6
14/04/2021 13:20:04,10,4,0,6
14/04/2021 13:20:04,10,4,0,6
14/04/2021 13:20:04,10,4,0,6
14/04/2021 13:20:04,10,4,0,6
14/04/2021 13:20:04,9,4,0,5
14/04/2021 13:20:04,9,4,0,5
14/04/2021 13:20:04,9,4,0,5
14/04/2021 13:20:04,9,4,0,5
14/04/2021 13:20:04,9,4,0,5
14/04/2021 13:20:04,9,4,0,5
14/04/2021 13:20:04,9,4,0,5
14/04/2021 13:20:04,9,4,0,5
14/04/2021 13:20:04,9,4,0,5
14/04/2021 13:20:04,9,4,0,5
14/04/2021 13:20:04,9,4,0,5
14/04/2021 13:20:04,9,4,0,5
14/04/2021 13:20:04,9,4,0,5
14/04/2021 13:20:04,9,4,0,5
14/04/2021 13:20:04,9,4,0,5
14/04/2021 13:20:04,9,4,0,5
14/04/2021 13:20:04,9,4,0,5
14/04/2021 13:20:04,9,4,0,5
14/04/2021 13:20:04,9,4,0,5
14/04/2021 13:20:04,9,4,0,5
14/04/2021 13:20:04,9,4,0,5
14/04/2021 13:20:04,9,4,0,5
14/04/2021 13:20:04,9,4,0,5
14/04/2021 13:20:04,9,4,0,5
14/04/2021 13:20:04,9,4,0,5
14/04/2021 13:20:04,9,4,0,5
14/04/2021 13:20:04,9,4,0,5
14/04/2021 13:20:04,9,5,0,4
14/04/2021 13:20:04,9,5,0,4
14/04/2021 13:20:04,9,5,0,4
14/04/2021 13:20:04,9,5,0,4
14/04/2021 13:20:04,9,5,0,4
14/04/2021 13:20:04,9,5,0,4
14/04/2021 13:20:04,9,5,0,4
14/04/2021 13:20:04,9,5,0,4
14/04/2021 13:20:04,9,5,0,4
14/04/2021 13:20:04,9,5,0,4
14/04/2021 13:20:04,9,5,0,4
14/04/2021 13:20:04,9,5,0,4
14/04/2021 13:20:04,9,5,0,4
14/04/2021 13:20:04,9,5,0,4
14/04/2021 13:20:04,9,5,0,4
14/04/2021 13:20:04,9,5,0,4
14/04/2021 13:20:04,9,5,0,4
14/04/2021 13:20:04,9,5,0,4
14/04/2021 13:20:04,9,5,0,4
14/04/2021 13:20:04,9,5,0,4
14/04/2021 13:20:04,9,5,0,4
14/04/2021 13:20:04,9,5,0,4
14/04/2021 13:20:04,9,5,0,4
14/04/2021 13:20:04,9,5,0,4
14/04/2021 13:20:04,9,5,0,4
14/04/2021 13:20:04,9,5,0,4
14/04/2021 13:20:04,9,5,0,4
14/04/2021 13:20:04,9,5,0,4
14/04/2021 13:20:04,9,5,0,4
14/04/2021 13:20:04,9,5,0,4
14/04/2021 13:20:04,9,5,0,4
14/04/2021 13:20:04,9,5,0,4
14/04/2021 13:20:04,9,5,0,4
14/04/2021 13:20:04,9,5,0,4
14/04/2021 13:20:04,9,5,0,4
14/04/2021 13:20:04,9,5,0,4
14/04/2021 13:20:04,7,2,0,5
14/04/2021 13:20:04,7,2,0,5
14/04/2021 13:20:04,7,2,0,5
14/04/2021 13:20:04,7,2,0,5
14/04/2021 13:20:04,7,2,0,5
14/04/2021 13:20:04,7,2,0,5
14/04/2021 13:20:04,7,2,0,5
14/04/2021 13:20:04,7,2,0,5
14/04/2021 13:20:04,7,2,0,5
14/04/2021 13:20:04,7,2,0,5
14/04/2021 13:20:04,7,2,0,5
14/04/2021 13:20:04,7,2,0,5
14/04/2021 13:20:04,7,2,0,5
14/04/2021 13:20:04,7,2,0,5
14/04/2021 13:20:04,7,2,0,5
14/04/2021 13:20:04,7,2,0,5
14/04/2021 13:20:04,7,2,0,5
14/04/2021 13:20:04,7,2,0,5
14/04/2021 13:20:04,7,2,0,5
14/04/2021 13:20:04,7,2,0,5
14/04/2021 13:20:04,7,2,0,5
14/04/2021 13:20:04,7,2,0,5
14/04/2021 13:20:04,7,2,0,5
14/04/2021 13:20:04,7,2,0,5
14/04/2021 13:20:04,7,2,0,5
14/04/2021 13:20:04,7,2,0,5
14/04/2021 13:20:04,7,2,0,5
14/04/2021 13:20:04,7,2,0,5
14/04/2021 13:20:04,7,2,0,5
14/04/2021 13:20:04,7,2,0,5
14/04/2021 13:20:04,7,2,0,5
14/04/2021 13:20:04,7,2,0,5
14/04/2021 13:20:04,7,2,0,5
14/04/2021 13:20:04,7,2,0,5
14/04/2021 13:20:04,7,2,0,5
14/04/2021 13:20:04,7,2,0,5
14/04/2021 13:20:04,7,2,0,5
14/04/2021 13:20:04,7,2,0,5
14/04/2021 13:20:04,7,2,0,5
14/04/2021 13:20:04,7,2,0,5
14/04/2021 13:20:04,7,2,0,5
14/04/2021 13:20:04,7,2,0,5
14/04/2021 13:20:04,7,2,0,5
14/04/2021 13:20:04,7,2,0,5
14/04/2021 13:20:04,7,2,0,5
14/04/2021 13:20:04,7,2,0,5
14/04/2021 13:20:04,7,2,0,5
14/04/2021 13:20:04,7,2,0,5
14/04/2021 13:20:04,7,2,0,5
14/04/2021 13:20:04,7,2,0,5
14/04/2021 13:20:04,7,2,0,5
14/04/2021 13:20:04,7,2,0,5
14/04/2021 13:20:04,7,2,0,5
14/04/2021 13:20:04,7,2,0,5
14/04/2021 13:20:04,7,2,0,5
14/04/2021 13:20:04,7,2,0,5
14/04/2021 13:20:04,7,2,0,5
14/04/2021 13:20:04,7,2,0,5
14/04/2021 13:20:04,7,2,0,5
14/04/2021 13:20:04,7,2,0,5
14/04/2021 13:20:04,7,2,0,5
14/04/2021 13:20:04,7,2,0,5
14/04/2021 13:20:04,7,2,0,5
14/04/2021 13:20:04,6,0,0,6
14/04/2021 13:20:04,6,0,0,6
14/04/2021 13:20:04,6,0,0,6
14/04/2021 13:20:04,6,0,0,6
14/04/2021 13:20:04,6,0,0,6
14/04/2021 13:20:04,6,0,0,6
14/04/2021 13:20:04,6,0,0,6
14/04/2021 13:20:04,6,0,0,6
14/04/2021 13:20:04,6,0,0,6
14/04/2021 13:20:04,6,0,0,6
14/04/2021 13:20:04,6,0,0,6
14/04/2021 13:20:04,6,0,0,6
14/04/2021 13:20:04,6,0,0,6
14/04/2021 13:20:04,6,0,0,6
14/04/2021 13:20:04,6,0,0,6
14/04/2021 13:20:04,6,0,0,6
14/04/2021 13:20:04,6,0,0,6
14/04/2021 13:20:04,6,0,0,6
14/04/2021 13:20:04,5,0,0,5
14/04/2021 13:20:04,5,0,0,5
14/04/2021 13:20:04,5,0,0,5
14/04/2021 13:20:04,5,0,0,5
14/04/2021 13:20:04,5,0,0,5
14/04/2021 13:20:04,5,0,0,5
14/04/2021 13:20:04,5,0,0,5
14/04/2021 13:20:04,5,0,0,5
14/04/2021 13:20:04,5,0,0,5
14/04/2021 13:20:04,5,0,0,5
14/04/2021 13:20:04,6,2,0,4
14/04/2021 13:20:04,6,2,0,4
14/04/2021 13:20:04,6,2,0,4
14/04/2021 13:20:04,6,2,0,4
14/04/2021 13:20:04,6,2,0,4
14/04/2021 13:20:04,6,2,0,4
14/04/2021 13:20:04,6,2,0,4
14/04/2021 13:20:04,6,2,0,4
14/04/2021 13:20:04,6,2,0,4
14/04/2021 13:20:04,6,2,0,4
14/04/2021 13:20:04,6,2,0,4
14/04/2021 13:20:04,6,2,0,4
14/04/2021 13:20:04,6,2,0,4
14/04/2021 13:20:04,6,2,0,4
14/04/2021 13:20:04,6,2,0,4
14/04/2021 13:20:04,6,2,0,4
14/04/2021 13:20:04,6,2,0,4
14/04/2021 13:20:04,6,2,0,4
14/04/2021 13:20:04,6,2,0,4
14/04/2021 13:20:04,6,2,0,4
14/04/2021 13:20:04,6,2,0,4
14/04/2021 13:20:04,6,2,0,4
14/04/2021 13:20:04,6,2,0,4
14/04/2021 13:20:04,6,2,0,4
14/04/2021 13:20:04,8,3,0,5
14/04/2021 13:20:04,8,3,0,5
14/04/2021 13:20:04,8,3,0,5
14/04/2021 13:20:04,8,3,0,5
14/04/2021 13:20:04,8,3,0,5
14/04/2021 13:20:04,8,3,0,5
14/04/2021 13:20:04,8,3,0,5
14/04/2021 13:20:04,8,3,0,5
14/04/2021 13:20:04,8,3,0,5
14/04/2021 13:20:04,8,3,0,5
14/04/2021 13:20:04,8,3,0,5
14/04/2021 13:20:04,8,3,0,5
14/04/2021 13:20:04,8,3,0,5
14/04/2021 13:20:04,8,3,0,5
14/04/2021 13:20:04,8,3,0,5
14/04/2021 13:20:04,8,3,0,5
14/04/2021 13:20:04,8,3,0,5
14/04/2021 13:20:04,8,3,0,5
14/04/2021 13:20:04,8,3,0,5
14/04/2021 13:20:04,8,3,0,5
14/04/2021 13:20:04,8,3,0,5
14/04/2021 13:20:04,8,3,0,5
14/04/2021 13:20:04,8,3,0,5
14/04/2021 13:20:04,8,3,0,5
14/04/2021 13:20:04,8,2,0,6
14/04/2021 13:20:04,8,2,0,6
14/04/2021 13:20:04,8,2,0,6
14/04/2021 13:20:04,8,2,0,6
14/04/2021 13:20:04,8,2,0,6
14/04/2021 13:20:04,8,2,0,6
14/04/2021 13:20:04,8,2,0,6
14/04/2021 13:20:04,8,2,0,6
14/04/2021 13:20:04,8,2,0,6
14/04/2021 13:20:04,8,2,0,6
14/04/2021 13:20:04,8,2,0,6
14/04/2021 13:20:04,8,2,0,6
14/04/2021 13:20:04,8,2,0,6
14/04/2021 13:20:04,8,2,0,6
14/04/2021 13:20:04,8,2,0,6
14/04/2021 13:20:04,8,2,0,6
14/04/2021 13:20:04,8,2,0,6
14/04/2021 13:20:04,8,2,0,6
14/04/2021 13:20:04,8,2,0,6
14/04/2021 13:20:04,8,2,0,6
14/04/2021 13:20:04,8,2,0,6
14/04/2021 13:20:04,8,2,0,6
14/04/2021 13:20:04,8,2,0,6
14/04/2021 13:20:04,8,2,0,6
14/04/2021 13:20:04,8,2,0,6
14/04/2021 13:20:04,8,2,0,6
14/04/2021 13:20:04,8,2,0,6
14/04/2021 13:20:04,8,2,0,6
14/04/2021 13:20:04,8,2,0,6
14/04/2021 13:20:04,8,2,0,6
14/04/2021 13:20:04,8,2,0,6
14/04/2021 13:20:04,8,2,0,6
14/04/2021 13:20:04,8,0,0,8
14/04/2021 13:20:04,8,0,0,8
14/04/2021 13:20:04,8,0,0,8
14/04/2021 13:20:04,8,0,0,8
14/04/2021 13:20:04,8,0,0,8
14/04/2021 13:20:04,8,0,0,8
14/04/2021 13:20:04,8,0,0,8
14/04/2021 13:20:04,8,0,0,8
14/04/2021 13:20:04,8,0,0,8
14/04/2021 13:20:04,8,0,0,8
14/04/2021 13:20:04,8,0,0,8
14/04/2021 13:20:04,8,0,0,8
14/04/2021 13:20:04,8,0,0,8
14/04/2021 13:20:04,8,0,0,8
14/04/2021 13:20:04,8,0,0,8
14/04/2021 13:20:04,8,0,0,8
14/04/2021 13:20:04,8,0,0,8
14/04/2021 13:20:04,8,0,0,8
14/04/2021 13:20:04,8,0,0,8
14/04/2021 13:20:04,8,0,0,8
14/04/2021 13:20:04,8,0,0,8
14/04/2021 13:20:04,8,0,0,8
14/04/2021 13:20:04,8,0,0,8
14/04/2021 13:20:04,8,0,0,8
14/04/2021 13:20:04,8,2,0,6
14/04/2021 13:20:04,8,2,0,6
14/04/2021 13:20:04,8,2,0,6
14/04/2021 13:20:04,8,2,0,6
14/04/2021 13:20:04,8,2,0,6
14/04/2021 13:20:04,8,2,0,6
14/04/2021 13:20:04,8,2,0,6
14/04/2021 13:20:04,8,2,0,6
14/04/2021 13:20:04,8,2,0,6
14/04/2021 13:20:04,8,2,0,6
14/04/2021 13:20:04,8,2,0,6
14/04/2021 13:20:04,8,2,0,6
14/04/2021 13:20:04,8,2,0,6
14/04/2021 13:20:04,8,2,0,6
14/04/2021 13:20:04,8,2,0,6
14/04/2021 13:20:04,8,2,0,6
14/04/2021 13:20:04,8,2,0,6
14/04/2021 13:20:04,8,2,0,6
14/04/2021 13:20:04,8,2,0,6
14/04/2021 13:20:04,8,2,0,6
14/04/2021 13:20:04,8,2,0,6
14/04/2021 13:20:04,8,2,0,6
14/04/2021 13:20:04,8,2,0,6
14/04/2021 13:20:04,8,2,0,6
14/04/2021 13:20:04,8,2,0,6
14/04/2021 13:20:04,8,2,0,6
14/04/2021 13:20:04,8,2,0,6
14/04/2021 13:20:04,8,2,0,6
14/04/2021 13:20:04,8,2,0,6
14/04/2021 13:20:04,8,2,0,6
14/04/2021 13:20:04,8,2,0,6
14/04/2021 13:20:04,8,2,0,6
14/04/2021 13:20:04,8,2,0,6
14/04/2021 13:20:04,8,2,0,6
14/04/2021 13:20:04,8,2,0,6
14/04/2021 13:20:04,8,2,0,6
14/04/2021 13:20:04,8,2,0,6
14/04/2021 13:20:04,8,2,0,6
14/04/2021 13:20:04,8,2,0,6
14/04/2021 13:20:04,8,2,0,6
14/04/2021 13:20:04,8,2,0,6
14/04/2021 13:20:04,8,2,0,6
14/04/2021 13:20:04,8,2,0,6
14/04/2021 13:20:04,8,2,0,6
14/04/2021 13:20:04,8,2,0,6
14/04/2021 13:20:04,8,2,0,6
14/04/2021 13:20:04,8,2,0,6
14/04/2021 13:20:04,8,2,0,6
14/04/2021 13:20:04,8,2,0,6
14/04/2021 13:20:04,8,2,0,6
14/04/2021 13:20:04,8,2,0,6
14/04/2021 13:20:04,8,2,0,6
14/04/2021 13:20:04,8,2,0,6
14/04/2021 13:20:04,8,2,0,6
14/04/2021 13:20:04,8,2,0,6
14/04/2021 13:20:04,8,2,0,6
14/04/2021 13:20:04,8,2,0,6
14/04/2021 13:20:04,8,2,0,6
14/04/2021 13:20:04,8,2,0,6
14/04/2021 13:20:04,8,2,0,6
14/04/2021 13:20:04,8,2,0,6
14/04/2021 13:20:04,8,2,0,6
14/04/2021 13:20:04,8,2,0,6
14/04/2021 13:20:04,8,2,0,6
14/04/2021 13:20:04,8,2,0,6
14/04/2021 13:20:04,8,2,0,6
14/04/2021 13:20:04,8,2,0,6
14/04/2021 13:20:04,8,2,0,6
14/04/2021 13:20:04,8,2,0,6
14/04/2021 13:20:04,8,2,0,6
14/04/2021 13:20:04,8,2,0,6
14/04/2021 13:20:04,8,2,0,6
14/04/2021 13:20:04,7,3,0,4
14/04/2021 13:20:04,7,3,0,4
14/04/2021 13:20:04,7,3,0,4
14/04/2021 13:20:04,7,3,0,4
14/04/2021 13:20:04,7,3,0,4
14/04/2021 13:20:04,7,3,0,4
14/04/2021 13:20:04,7,3,0,4
14/04/2021 13:20:04,7,3,0,4
14/04/2021 13:20:04,7,3,0,4
14/04/2021 13:20:04,7,3,0,4
14/04/2021 13:20:04,7,3,0,4
14/04/2021 13:20:04,7,3,0,4
14/04/2021 13:20:04,7,3,0,4
14/04/2021 13:20:04,7,3,0,4
14/04/2021 13:20:04,8,0,2,6
14/04/2021 13:20:04,8,0,2,6
14/04/2021 13:20:04,8,0,2,6
14/04/2021 13:20:04,8,0,2,6
14/04/2021 13:20:04,8,0,2,6
14/04/2021 13:20:04,8,0,2,6
14/04/2021 13:20:04,8,0,2,6
14/04/2021 13:20:04,8,0,2,6
14/04/2021 13:20:04,8,0,2,6
14/04/2021 13:20:04,8,0,2,6
14/04/2021 13:20:04,8,0,2,6
14/04/2021 13:20:04,8,0,2,6
14/04/2021 13:20:04,8,0,2,6
14/04/2021 13:20:04,8,0,2,6
14/04/2021 13:20:04,8,0,2,6
14/04/2021 13:20:04,8,0,2,6
14/04/2021 13:20:04,8,0,2,6
14/04/2021 13:20:04,8,0,2,6
14/04/2021 13:20:04,8,0,2,6
14/04/2021 13:20:04,8,0,2,6
14/04/2021 13:20:04,8,0,2,6
14/04/2021 13:20:04,8,0,2,6
14/04/2021 13:20:04,8,0,2,6
14/04/2021 13:20:04,8,0,2,6
14/04/2021 13:20:04,8,0,2,6
14/04/2021 13:20:04,8,0,2,6
14/04/2021 13:20:04,8,0,2,6
14/04/2021 13:20:04,8,0,2,6
14/04/2021 13:20:04,8,0,2,6
14/04/2021 13:20:04,8,0,2,6
14/04/2021 13:20:04,8,0,2,6
14/04/2021 13:20:04,8,0,2,6
14/04/2021 13:20:04,8,0,2,6
14/04/2021 13:20:04,8,0,2,6
14/04/2021 13:20:04,8,0,2,6
14/04/2021 13:20:04,8,0,2,6
14/04/2021 13:20:04,8,0,2,6
14/04/2021 13:20:04,8,0,2,6
14/04/2021 13:20:04,8,0,2,6
14/04/2021 13:20:04,8,0,2,6
14/04/2021 13:20:04,7,0,2,5
14/04/2021 13:20:04,7,0,2,5
14/04/2021 13:20:04,7,0,2,5
14/04/2021 13:20:04,7,0,2,5
14/04/2021 13:20:04,7,0,2,5
14/04/2021 13:20:04,7,0,2,5
14/04/2021 13:20:04,7,0,2,5
14/04/2021 13:20:04,7,0,2,5
14/04/2021 13:20:04,7,0,2,5
14/04/2021 13:20:04,7,0,2,5
14/04/2021 13:20:04,7,0,2,5
14/04/2021 13:20:04,7,0,2,5
14/04/2021 13:20:04,7,0,2,5
14/04/2021 13:20:04,7,0,2,5
14/04/2021 13:20:04,7,0,2,5
14/04/2021 13:20:04,7,0,2,5
14/04/2021 13:20:04,7,0,2,5
14/04/2021 13:20:04,7,0,2,5
14/04/2021 13:20:04,7,0,2,5
14/04/2021 13:20:04,7,0,2,5
14/04/2021 13:20:04,7,0,2,5
14/04/2021 13:20:04,7,0,2,5
14/04/2021 13:20:04,7,0,2,5
14/04/2021 13:20:04,7,0,2,5
14/04/2021 13:20:04,7,0,2,5
14/04/2021 13:20:04,7,0,2,5
14/04/2021 13:20:04,7,0,2,5
14/04/2021 13:20:04,7,0,2,5
14/04/2021 13:20:04,7,0,2,5
14/04/2021 13:20:04,7,0,2,5
14/04/2021 13:20:04,7,0,2,5
14/04/2021 13:20:04,7,0,2,5
14/04/2021 13:20:04,7,0,2,5
14/04/2021 13:20:04,7,0,2,5
14/04/2021 13:20:04,7,0,2,5
14/04/2021 13:20:04,7,0,2,5
14/04/2021 13:20:04,7,0,2,5
14/04/2021 13:20:04,7,0,2,5
14/04/2021 13:20:04,7,0,2,5
14/04/2021 13:20:04,7,0,2,5
14/04/2021 13:20:04,7,0,2,5
14/04/2021 13:20:04,7,0,2,5
14/04/2021 13:20:04,7,0,2,5
14/04/2021 13:20:04,7,0,2,5
14/04/2021 13:20:04,7,0,2,5
14/04/2021 13:20:04,7,0,2,5
14/04/2021 13:20:04,7,0,2,5
14/04/2021 13:20:04,7,0,2,5
14/04/2021 13:20:04,7,0,2,5
14/04/2021 13:20:04,7,0,2,5
14/04/2021 13:20:04,7,0,2,5
14/04/2021 13:20:04,7,0,2,5
14/04/2021 13:20:04,7,0,2,5
14/04/2021 13:20:04,7,0,2,5
14/04/2021 13:20:04,7,0,2,5
14/04/2021 13:20:04,7,0,2,5
14/04/2021 13:20:04,7,0,2,5
14/04/2021 13:20:04,7,0,2,5
14/04/2021 13:20:04,7,0,2,5
14/04/2021 13:20:04,7,0,2,5
14/04/2021 13:20:04,7,0,2,5
14/04/2021 13:20:04,7,0,2,5
14/04/2021 13:20:04,7,0,2,5
14/04/2021 13:20:04,7,0,0,7
14/04/2021 13:20:04,7,0,0,7
14/04/2021 13:20:04,7,0,0,7
14/04/2021 13:20:04,7,0,0,7
14/04/2021 13:20:04,7,0,0,7
14/04/2021 13:20:04,7,0,0,7
14/04/2021 13:20:04,7,0,0,7
14/04/2021 13:20:04,7,0,0,7
14/04/2021 13:20:04,7,0,0,7
14/04/2021 13:20:04,7,0,0,7
14/04/2021 13:20:04,7,0,0,7
14/04/2021 13:20:04,7,0,0,7
14/04/2021 13:20:04,7,0,0,7
14/04/2021 13:20:04,7,0,0,7
14/04/2021 13:20:04,7,0,0,7
14/04/2021 13:20:04,7,0,0,7
14/04/2021 13:20:04,7,0,0,7
14/04/2021 13:20:04,7,0,0,7
14/04/2021 13:20:04,7,0,0,7
14/04/2021 13:20:04,7,0,0,7
14/04/2021 13:20:04,7,0,0,7
14/04/2021 13:20:04,8,0,0,8
14/04/2021 13:20:04,8,0,0,8
14/04/2021 13:20:04,8,0,0,8
14/04/2021 13:20:04,8,0,0,8
14/04/2021 13:20:04,8,0,0,8
14/04/2021 13:20:04,8,0,0,8
14/04/2021 13:20:04,8,0,0,8
14/04/2021 13:20:04,8,0,0,8
14/04/2021 13:20:04,7,2,0,5
14/04/2021 13:20:04,7,2,0,5
14/04/2021 13:20:04,7,2,0,5
14/04/2021 13:20:04,7,2,0,5
14/04/2021 13:20:04,7,2,0,5
14/04/2021 13:20:04,7,2,0,5
14/04/2021 13:20:04,7,2,0,5
14/04/2021 13:20:04,7,2,0,5
14/04/2021 13:20:04,7,2,0,5
14/04/2021 13:20:04,7,2,0,5
14/04/2021 13:20:04,7,2,0,5
14/04/2021 13:20:04,7,2,0,5
14/04/2021 13:20:04,7,2,0,5
14/04/2021 13:20:04,7,2,0,5
14/04/2021 13:20:04,7,2,0,5
14/04/2021 13:20:04,7,2,0,5
14/04/2021 13:20:04,7,2,0,5
14/04/2021 13:20:04,7,2,0,5
14/04/2021 13:20:04,7,2,0,5
14/04/2021 13:20:04,7,2,0,5
14/04/2021 13:20:04,7,2,0,5
14/04/2021 13:20:04,8,4,0,4
14/04/2021 13:20:04,8,4,0,4
14/04/2021 13:20:04,8,4,0,4
14/04/2021 13:20:04,8,4,0,4
14/04/2021 13:20:04,8,4,0,4
14/04/2021 13:20:04,8,4,0,4
14/04/2021 13:20:04,8,4,0,4
14/04/2021 13:20:04,8,4,0,4
14/04/2021 13:20:04,8,4,0,4
14/04/2021 13:20:04,8,4,0,4
14/04/2021 13:20:04,8,4,0,4
14/04/2021 13:20:04,8,4,0,4
14/04/2021 13:20:04,8,4,0,4
14/04/2021 13:20:04,8,4,0,4
14/04/2021 13:20:04,8,4,0,4
14/04/2021 13:20:04,8,4,0,4
14/04/2021 13:20:04,7,2,0,5
14/04/2021 13:20:04,7,2,0,5
14/04/2021 13:20:04,7,2,0,5
14/04/2021 13:20:04,7,2,0,5
14/04/2021 13:20:04,7,2,0,5
14/04/2021 13:20:04,7,2,0,5
14/04/2021 13:20:04,7,2,0,5
14/04/2021 13:20:04,7,2,0,5
14/04/2021 13:20:04,7,2,0,5
14/04/2021 13:20:04,7,2,0,5
14/04/2021 13:20:04,7,2,0,5
14/04/2021 13:20:04,7,2,0,5
14/04/2021 13:20:04,7,2,0,5
14/04/2021 13:20:04,7,2,0,5
14/04/2021 13:20:04,8,4,0,4
14/04/2021 13:20:04,8,4,0,4
14/04/2021 13:20:04,8,4,0,4
14/04/2021 13:20:04,8,4,0,4
14/04/2021 13:20:04,8,4,0,4
14/04/2021 13:20:04,8,4,0,4
14/04/2021 13:20:04,8,4,0,4
14/04/2021 13:20:04,8,4,0,4
14/04/2021 13:20:04,8,4,0,4
14/04/2021 13:20:04,8,4,0,4
14/04/2021 13:20:04,8,4,0,4
14/04/2021 13:20:04,8,4,0,4
14/04/2021 13:20:04,8,4,0,4
14/04/2021 13:20:04,8,4,0,4
14/04/2021 13:20:04,8,4,0,4
14/04/2021 13:20:04,8,4,0,4
14/04/2021 13:20:04,8,4,0,4
14/04/2021 13:20:04,8,4,0,4
14/04/2021 13:20:04,8,4,0,4
14/04/2021 13:20:04,8,4,0,4
14/04/2021 13:20:04,8,4,0,4
14/04/2021 13:20:04,8,4,0,4
14/04/2021 13:20:04,8,4,0,4
14/04/2021 13:20:04,8,4,0,4
14/04/2021 13:20:04,7,2,0,5
14/04/2021 13:20:04,7,2,0,5
14/04/2021 13:20:04,7,2,0,5
14/04/2021 13:20:04,7,2,0,5
14/04/2021 13:20:04,7,2,0,5
14/04/2021 13:20:04,7,2,0,5
14/04/2021 13:20:04,7,2,0,5
14/04/2021 13:20:04,7,2,0,5
14/04/2021 13:20:04,7,2,0,5
14/04/2021 13:20:04,7,2,0,5
14/04/2021 13:20:04,7,2,0,5
14/04/2021 13:20:04,7,2,0,5
14/04/2021 13:20:04,7,2,0,5
14/04/2021 13:20:04,7,2,0,5
14/04/2021 13:20:04,8,2,1,5
14/04/2021 13:20:04,8,2,1,5
14/04/2021 13:20:04,8,2,1,5
14/04/2021 13:20:04,8,2,1,5
14/04/2021 13:20:04,8,2,1,5
14/04/2021 13:20:04,8,2,1,5
14/04/2021 13:20:04,8,2,1,5
14/04/2021 13:20:04,8,2,1,5
14/04/2021 13:20:04,8,2,1,5
14/04/2021 13:20:04,8,2,1,5
14/04/2021 13:20:04,8,2,1,5
14/04/2021 13:20:04,8,2,1,5
14/04/2021 13:20:04,8,2,1,5
14/04/2021 13:20:04,8,2,1,5
14/04/2021 13:20:04,8,2,1,5
14/04/2021 13:20:04,8,2,1,5
14/04/2021 13:20:04,9,0,2,7
14/04/2021 13:20:04,9,0,2,7
14/04/2021 13:20:04,9,0,2,7
14/04/2021 13:20:04,9,0,2,7
14/04/2021 13:20:04,9,0,2,7
14/04/2021 13:20:04,9,0,2,7
14/04/2021 13:20:04,9,0,2,7
14/04/2021 13:20:04,9,0,2,7
14/04/2021 13:20:04,9,0,2,7
14/04/2021 13:20:04,9,0,2,7
14/04/2021 13:20:04,9,0,2,7
14/04/2021 13:20:04,9,0,2,7
14/04/2021 13:20:04,9,0,2,7
14/04/2021 13:20:04,9,0,2,7
14/04/2021 13:20:04,9,0,2,7
14/04/2021 13:20:04,9,0,2,7
14/04/2021 13:20:04,9,0,2,7
14/04/2021 13:20:04,9,0,2,7
14/04/2021 13:20:04,10,4,1,5
14/04/2021 13:20:04,10,4,1,5
14/04/2021 13:20:04,10,4,1,5
14/04/2021 13:20:04,10,4,1,5
14/04/2021 13:20:04,10,4,1,5
14/04/2021 13:20:04,10,4,1,5
14/04/2021 13:20:04,10,4,1,5
14/04/2021 13:20:04,10,4,1,5
14/04/2021 13:20:04,10,4,1,5
14/04/2021 13:20:04,10,4,1,5
14/04/2021 13:20:04,10,2,1,7
14/04/2021 13:20:04,10,2,1,7
14/04/2021 13:20:04,10,2,1,7
14/04/2021 13:20:04,10,2,1,7
14/04/2021 13:20:04,10,2,1,7
14/04/2021 13:20:04,10,2,1,7
14/04/2021 13:20:04,10,2,1,7
14/04/2021 13:20:04,10,2,1,7
14/04/2021 13:20:04,10,2,1,7
14/04/2021 13:20:04,10,2,1,7
14/04/2021 13:20:04,10,4,1,5
14/04/2021 13:20:04,10,4,1,5
14/04/2021 13:20:04,10,4,1,5
14/04/2021 13:20:04,10,4,1,5
14/04/2021 13:20:04,10,4,1,5
14/04/2021 13:20:04,10,4,1,5
14/04/2021 13:20:04,10,4,1,5
14/04/2021 13:20:04,10,4,1,5
14/04/2021 13:20:04,10,4,1,5
14/04/2021 13:20:04,10,4,1,5
14/04/2021 13:20:04,10,2,2,6
14/04/2021 13:20:04,10,2,2,6
14/04/2021 13:20:04,10,2,2,6
14/04/2021 13:20:04,10,2,2,6
14/04/2021 13:20:04,10,2,2,6
14/04/2021 13:20:04,10,2,2,6
14/04/2021 13:20:04,10,2,2,6
14/04/2021 13:20:04,10,2,2,6
14/04/2021 13:20:04,10,2,2,6
14/04/2021 13:20:04,10,2,2,6
14/04/2021 13:20:04,10,2,2,6
14/04/2021 13:20:04,10,2,2,6
14/04/2021 13:20:04,10,2,2,6
14/04/2021 13:20:04,10,2,2,6
14/04/2021 13:20:04,10,2,2,6
14/04/2021 13:20:04,10,2,2,6
14/04/2021 13:20:04,10,2,2,6
14/04/2021 13:20:04,10,2,2,6
14/04/2021 13:20:04,10,2,2,6
14/04/2021 13:20:04,10,2,2,6
14/04/2021 13:20:04,10,4,0,6
14/04/2021 13:20:04,10,4,0,6
14/04/2021 13:20:04,10,4,0,6
14/04/2021 13:20:04,10,4,0,6
14/04/2021 13:20:04,10,4,0,6
14/04/2021 13:20:04,10,4,0,6
14/04/2021 13:20:04,10,4,0,6
14/04/2021 13:20:04,10,4,0,6
14/04/2021 13:20:04,10,4,0,6
14/04/2021 13:20:04,10,4,0,6
14/04/2021 13:20:04,10,4,0,6
14/04/2021 13:20:04,10,4,0,6
14/04/2021 13:20:04,10,4,0,6
14/04/2021 13:20:04,10,4,0,6
14/04/2021 13:20:04,10,4,0,6
14/04/2021 13:20:04,10,4,0,6
14/04/2021 13:20:04,10,4,0,6
14/04/2021 13:20:04,10,4,0,6
14/04/2021 13:20:04,10,4,0,6
14/04/2021 13:20:04,10,4,0,6
14/04/2021 13:20:04,9,4,0,5
14/04/2021 13:20:04,9,4,0,5
14/04/2021 13:20:04,9,4,0,5
14/04/2021 13:20:04,9,4,0,5
14/04/2021 13:20:04,9,4,0,5
14/04/2021 13:20:04,9,4,0,5
14/04/2021 13:20:04,9,4,0,5
14/04/2021 13:20:04,9,4,0,5
14/04/2021 13:20:04,9,4,0,5
14/04/2021 13:20:04,9,4,0,5
14/04/2021 13:20:04,9,4,0,5
14/04/2021 13:20:04,9,4,0,5
14/04/2021 13:20:04,9,4,0,5
14/04/2021 13:20:04,9,4,0,5
14/04/2021 13:20:04,9,4,0,5
14/04/2021 13:20:04,9,4,0,5
14/04/2021 13:20:04,9,4,0,5
14/04/2021 13:20:04,9,4,0,5
14/04/2021 13:20:04,9,4,0,5
14/04/2021 13:20:04,9,4,0,5
14/04/2021 13:20:04,9,4,0,5
14/04/2021 13:20:04,9,4,0,5
14/04/2021 13:20:04,9,4,0,5
14/04/2021 13:20:04,9,4,0,5
14/04/2021 13:20:04,9,4,0,5
14/04/2021 13:20:04,9,4,0,5
14/04/2021 13:20:04,9,4,0,5
14/04/2021 13:20:04,9,4,0,5
14/04/2021 13:20:04,9,4,0,5
14/04/2021 13:20:04,9,4,0,5
14/04/2021 13:20:04,9,4,0,5
14/04/2021 13:20:04,9,4,0,5
14/04/2021 13:20:04,9,4,0,5
14/04/2021 13:20:04,9,4,0,5
14/04/2021 13:20:04,9,4,0,5
14/04/2021 13:20:04,9,4,0,5
14/04/2021 13:20:04,9,4,0,5
14/04/2021 13:20:04,9,4,0,5
14/04/2021 13:20:04,9,4,0,5
14/04/2021 13:20:04,9,4,0,5
14/04/2021 13:20:04,9,4,0,5
14/04/2021 13:20:04,9,4,0,5
14/04/2021 13:20:04,9,4,0,5
14/04/2021 13:20:04,9,4,0,5
14/04/2021 13:20:04,9,4,0,5
14/04/2021 13:20:04,9,4,0,5
14/04/2021 13:20:04,9,4,0,5
14/04/2021 13:20:04,9,4,0,5
14/04/2021 13:20:04,9,4,0,5
14/04/2021 13:20:04,9,4,0,5
14/04/2021 13:20:04,9,4,0,5
14/04/2021 13:20:04,9,4,0,5
14/04/2021 13:20:04,9,4,0,5
14/04/2021 13:20:04,9,4,0,5
14/04/2021 13:20:04,9,4,0,5
14/04/2021 13:20:04,9,4,0,5
14/04/2021 13:20:04,9,4,0,5
14/04/2021 13:20:04,9,4,0,5
14/04/2021 13:20:04,9,4,0,5
14/04/2021 13:20:04,9,4,0,5
14/04/2021 13:20:04,9,4,0,5
14/04/2021 13:20:04,9,4,0,5
14/04/2021 13:20:04,9,4,0,5
14/04/2021 13:20:04,9,6,0,3
14/04/2021 13:20:04,9,6,0,3
14/04/2021 13:20:04,9,6,0,3
14/04/2021 13:20:04,9,6,0,3
14/04/2021 13:20:04,9,6,0,3
14/04/2021 13:20:04,9,6,0,3
14/04/2021 13:20:04,9,6,0,3
14/04/2021 13:20:04,9,6,0,3
14/04/2021 13:20:04,9,6,0,3
14/04/2021 13:20:04,9,6,0,3
14/04/2021 13:20:04,9,6,0,3
14/04/2021 13:20:04,9,6,0,3
14/04/2021 13:20:04,9,6,0,3
14/04/2021 13:20:04,9,6,0,3
14/04/2021 13:20:04,9,6,0,3
14/04/2021 13:20:04,9,6,0,3
14/04/2021 13:20:04,9,6,0,3
14/04/2021 13:20:04,9,6,0,3
14/04/2021 13:20:04,10,6,0,4
14/04/2021 13:20:04,10,6,0,4
14/04/2021 13:20:04,10,6,0,4
14/04/2021 13:20:04,10,6,0,4
14/04/2021 13:20:04,10,6,0,4
14/04/2021 13:20:04,10,6,0,4
14/04/2021 13:20:04,10,6,0,4
14/04/2021 13:20:04,10,6,0,4
14/04/2021 13:20:04,10,6,0,4
14/04/2021 13:20:04,10,6,0,4
14/04/2021 13:20:04,10,6,0,4
14/04/2021 13:20:04,10,6,0,4
14/04/2021 13:20:04,10,6,0,4
14/04/2021 13:20:04,10,6,0,4
14/04/2021 13:20:04,10,6,0,4
14/04/2021 13:20:04,10,6,0,4
14/04/2021 13:20:04,10,6,0,4
14/04/2021 13:20:04,10,6,0,4
14/04/2021 13:20:04,10,6,0,4
14/04/2021 13:20:04,10,6,0,4
14/04/2021 13:20:04,10,6,0,4
14/04/2021 13:20:04,10,6,0,4
14/04/2021 13:20:04,10,6,0,4
14/04/2021 13:20:04,10,6,0,4
14/04/2021 13:20:04,10,6,0,4
14/04/2021 13:20:04,10,6,0,4
14/04/2021 13:20:04,10,6,0,4
14/04/2021 13:20:04,10,6,0,4
14/04/2021 13:20:04,10,6,0,4
14/04/2021 13:20:04,10,6,0,4
14/04/2021 13:20:04,9,4,0,5
14/04/2021 13:20:04,9,4,0,5
14/04/2021 13:20:04,9,4,0,5
14/04/2021 13:20:04,9,4,0,5
14/04/2021 13:20:04,9,4,0,5
14/04/2021 13:20:04,9,4,0,5
14/04/2021 13:20:04,9,4,0,5
14/04/2021 13:20:04,9,4,0,5
14/04/2021 13:20:04,9,4,0,5
14/04/2021 13:20:04,9,4,0,5
14/04/2021 13:20:04,9,4,0,5
14/04/2021 13:20:04,9,4,0,5
14/04/2021 13:20:04,9,4,0,5
14/04/2021 13:20:04,9,4,0,5
14/04/2021 13:20:04,9,4,0,5
14/04/2021 13:20:04,9,4,0,5
14/04/2021 13:20:04,9,4,0,5
14/04/2021 13:20:04,9,4,0,5
14/04/2021 13:20:04,9,4,0,5
14/04/2021 13:20:04,9,4,0,5
14/04/2021 13:20:04,9,4,0,5
14/04/2021 13:20:04,9,4,0,5
14/04/2021 13:20:04,9,4,0,5
14/04/2021 13:20:04,9,4,0,5
14/04/2021 13:20:04,9,4,0,5
14/04/2021 13:20:04,9,4,0,5
14/04/2021 13:20:04,9,4,0,5
14/04/2021 13:20:04,9,4,0,5
14/04/2021 13:20:04,9,4,0,5
14/04/2021 13:20:04,9,4,0,5
14/04/2021 13:20:04,9,4,0,5
14/04/2021 13:20:04,9,4,0,5
14/04/2021 13:20:04,9,4,0,5
14/04/2021 13:20:04,9,4,0,5
14/04/2021 13:20:04,9,4,0,5
14/04/2021 13:20:04,9,4,0,5
14/04/2021 13:20:04,9,4,0,5
14/04/2021 13:20:04,9,4,0,5
14/04/2021 13:20:04,9,4,0,5
14/04/2021 13:20:04,9,4,0,5
14/04/2021 13:20:04,9,4,0,5
14/04/2021 13:20:04,9,4,0,5
14/04/2021 13:20:04,9,4,0,5
14/04/2021 13:20:04,9,4,0,5
14/04/2021 13:20:04,9,4,0,5
14/04/2021 13:20:04,9,4,0,5
14/04/2021 13:20:04,9,4,0,5
14/04/2021 13:20:04,9,4,0,5
14/04/2021 13:20:04,9,4,0,5
14/04/2021 13:20:04,9,4,0,5
14/04/2021 13:20:04,9,4,0,5
14/04/2021 13:20:04,9,4,0,5
14/04/2021 13:20:04,9,4,0,5
14/04/2021 13:20:04,9,4,0,5
14/04/2021 13:20:04,9,4,0,5
14/04/2021 13:20:04,9,4,0,5
14/04/2021 13:20:04,9,4,0,5
14/04/2021 13:20:04,9,4,0,5
14/04/2021 13:20:04,9,4,0,5
14/04/2021 13:20:04,9,4,0,5
14/04/2021 13:20:04,9,4,0,5
14/04/2021 13:20:04,9,4,0,5
14/04/2021 13:20:04,9,4,0,5
14/04/2021 13:20:04,8,4,0,4
14/04/2021 13:20:04,8,4,0,4
14/04/2021 13:20:04,8,4,0,4
14/04/2021 13:20:04,8,4,0,4
14/04/2021 13:20:04,8,4,0,4
14/04/2021 13:20:04,8,4,0,4
14/04/2021 13:20:04,8,4,0,4
14/04/2021 13:20:04,8,4,0,4
14/04/2021 13:20:04,8,4,0,4
14/04/2021 13:20:04,8,4,0,4
14/04/2021 13:20:04,8,4,0,4
14/04/2021 13:20:04,8,4,0,4
14/04/2021 13:20:04,8,4,0,4
14/04/2021 13:20:04,8,4,0,4
14/04/2021 13:20:04,8,4,0,4
14/04/2021 13:20:04,8,4,0,4
14/04/2021 13:20:04,7,4,0,3
14/04/2021 13:20:04,7,4,0,3
14/04/2021 13:20:04,7,4,0,3
14/04/2021 13:20:04,7,4,0,3
14/04/2021 13:20:04,7,4,0,3
14/04/2021 13:20:04,7,4,0,3
14/04/2021 13:20:04,7,4,0,3
14/04/2021 13:20:04,7,4,0,3
14/04/2021 13:20:04,7,4,0,3
14/04/2021 13:20:04,7,4,0,3
14/04/2021 13:20:04,7,4,0,3
14/04/2021 13:20:04,7,4,0,3
14/04/2021 13:20:04,7,4,0,3
14/04/2021 13:20:04,7,4,0,3
14/04/2021 13:20:04,8,0,4,4
14/04/2021 13:20:04,8,0,4,4
14/04/2021 13:20:04,8,0,4,4
14/04/2021 13:20:04,8,0,4,4
14/04/2021 13:20:04,8,0,4,4
14/04/2021 13:20:04,8,0,4,4
14/04/2021 13:20:04,8,0,4,4
14/04/2021 13:20:04,8,0,4,4
14/04/2021 13:20:04,8,0,4,4
14/04/2021 13:20:04,8,0,4,4
14/04/2021 13:20:04,8,0,4,4
14/04/2021 13:20:04,8,0,4,4
14/04/2021 13:20:04,8,0,4,4
14/04/2021 13:20:04,8,0,4,4
14/04/2021 13:20:04,8,0,4,4
14/04/2021 13:20:04,8,0,4,4
14/04/2021 13:20:04,8,0,4,4
14/04/2021 13:20:04,8,0,4,4
14/04/2021 13:20:04,8,0,4,4
14/04/2021 13:20:04,8,0,4,4
14/04/2021 13:20:04,8,0,4,4
14/04/2021 13:20:04,8,0,4,4
14/04/2021 13:20:04,8,0,4,4
14/04/2021 13:20:04,8,0,4,4
14/04/2021 13:20:04,8,0,4,4
14/04/2021 13:20:04,8,0,4,4
14/04/2021 13:20:04,8,0,4,4
14/04/2021 13:20:04,8,0,4,4
14/04/2021 13:20:04,8,0,4,4
14/04/2021 13:20:04,8,0,4,4
14/04/2021 13:20:04,8,0,4,4
14/04/2021 13:20:04,8,0,4,4
14/04/2021 13:20:04,8,0,4,4
14/04/2021 13:20:04,8,0,4,4
14/04/2021 13:20:04,8,0,4,4
14/04/2021 13:20:04,8,0,4,4
14/04/2021 13:20:04,8,0,4,4
14/04/2021 13:20:04,8,0,4,4
14/04/2021 13:20:04,8,0,4,4
14/04/2021 13:20:04,8,0,4,4
14/04/2021 13:20:04,11,2,2,7
14/04/2021 13:20:04,11,2,2,7
14/04/2021 13:20:04,11,2,2,7
14/04/2021 13:20:04,11,2,2,7
14/04/2021 13:20:04,11,2,2,7
14/04/2021 13:20:04,11,2,2,7
14/04/2021 13:20:04,11,2,2,7
14/04/2021 13:20:04,11,2,2,7
14/04/2021 13:20:04,11,2,2,7
14/04/2021 13:20:04,11,2,2,7
14/04/2021 13:20:04,11,2,2,7
14/04/2021 13:20:04,11,2,2,7
14/04/2021 13:20:04,11,2,2,7
14/04/2021 13:20:04,11,2,2,7
14/04/2021 13:20:04,11,2,2,7
14/04/2021 13:20:04,11,2,2,7
14/04/2021 13:20:04,11,2,2,7
14/04/2021 13:20:04,11,2,2,7
14/04/2021 13:20:04,11,2,2,7
14/04/2021 13:20:04,11,2,2,7
14/04/2021 13:20:04,11,2,2,7
14/04/2021 13:20:04,11,2,2,7
14/04/2021 13:20:04,11,4,2,5
14/04/2021 13:20:04,11,4,2,5
14/04/2021 13:20:04,11,4,2,5
14/04/2021 13:20:04,11,4,2,5
14/04/2021 13:20:04,11,4,2,5
14/04/2021 13:20:04,11,4,2,5
14/04/2021 13:20:04,11,4,2,5
14/04/2021 13:20:04,11,4,2,5
14/04/2021 13:20:04,11,4,2,5
14/04/2021 13:20:04,11,4,2,5
14/04/2021 13:20:04,11,4,2,5
14/04/2021 13:20:04,11,4,2,5
14/04/2021 13:20:04,11,4,2,5
14/04/2021 13:20:04,11,4,2,5
14/04/2021 13:20:04,11,4,2,5
14/04/2021 13:20:04,11,4,2,5
14/04/2021 13:20:04,11,4,2,5
14/04/2021 13:20:04,11,4,2,5
14/04/2021 13:20:04,11,4,2,5
14/04/2021 13:20:04,11,4,2,5
14/04/2021 13:20:04,11,4,2,5
14/04/2021 13:20:04,11,4,2,5
14/04/2021 13:20:04,10,4,2,4
14/04/2021 13:20:04,10,4,2,4
14/04/2021 13:20:04,10,4,2,4
14/04/2021 13:20:04,10,4,2,4
14/04/2021 13:20:04,10,4,2,4
14/04/2021 13:20:04,10,4,2,4
14/04/2021 13:20:04,10,4,2,4
14/04/2021 13:20:04,10,4,2,4
14/04/2021 13:20:04,10,4,2,4
14/04/2021 13:20:04,10,4,2,4
14/04/2021 13:20:04,10,4,2,4
14/04/2021 13:20:04,10,4,2,4
14/04/2021 13:20:04,10,4,2,4
14/04/2021 13:20:04,10,4,2,4
14/04/2021 13:20:04,10,4,2,4
14/04/2021 13:20:04,10,4,2,4
14/04/2021 13:20:04,10,4,2,4
14/04/2021 13:20:04,10,4,2,4
14/04/2021 13:20:04,10,4,2,4
14/04/2021 13:20:04,10,4,2,4
14/04/2021 13:20:04,10,4,2,4
14/04/2021 13:20:04,10,4,2,4
14/04/2021 13:20:04,10,4,2,4
14/04/2021 13:20:04,10,4,2,4
14/04/2021 13:20:04,10,4,2,4
14/04/2021 13:20:04,10,4,2,4
14/04/2021 13:20:04,10,4,2,4
14/04/2021 13:20:04,10,4,2,4
14/04/2021 13:20:04,10,4,2,4
14/04/2021 13:20:04,10,4,2,4
14/04/2021 13:20:04,9,2,0,7
14/04/2021 13:20:04,9,2,0,7
14/04/2021 13:20:04,9,2,0,7
14/04/2021 13:20:04,9,2,0,7
14/04/2021 13:20:04,9,2,0,7
14/04/2021 13:20:04,9,2,0,7
14/04/2021 13:20:04,9,2,0,7
14/04/2021 13:20:04,9,2,0,7
14/04/2021 13:20:04,9,2,0,7
14/04/2021 13:20:04,9,2,0,7
14/04/2021 13:20:04,9,2,0,7
14/04/2021 13:20:04,9,2,0,7
14/04/2021 13:20:04,9,2,0,7
14/04/2021 13:20:04,9,2,0,7
14/04/2021 13:20:04,9,2,0,7
14/04/2021 13:20:04,9,2,0,7
14/04/2021 13:20:04,9,2,0,7
14/04/2021 13:20:04,9,2,0,7
14/04/2021 13:20:04,10,2,0,8
14/04/2021 13:20:04,10,2,0,8
14/04/2021 13:20:04,10,2,0,8
14/04/2021 13:20:04,10,2,0,8
14/04/2021 13:20:04,10,2,0,8
14/04/2021 13:20:04,10,2,0,8
14/04/2021 13:20:04,10,2,0,8
14/04/2021 13:20:04,10,2,0,8
14/04/2021 13:20:04,10,2,0,8
14/04/2021 13:20:04,10,2,0,8
14/04/2021 13:20:04,10,2,0,8
14/04/2021 13:20:04,10,2,0,8
14/04/2021 13:20:04,10,2,0,8
14/04/2021 13:20:04,10,2,0,8
14/04/2021 13:20:04,10,2,0,8
14/04/2021 13:20:04,10,2,0,8
14/04/2021 13:20:04,10,2,0,8
14/04/2021 13:20:04,10,2,0,8
14/04/2021 13:20:04,10,2,0,8
14/04/2021 13:20:04,10,2,0,8
14/04/2021 13:20:04,10,2,0,8
14/04/2021 13:20:04,10,2,0,8
14/04/2021 13:20:04,10,2,0,8
14/04/2021 13:20:04,10,2,0,8
14/04/2021 13:20:04,10,2,0,8
14/04/2021 13:20:04,10,2,0,8
14/04/2021 13:20:04,10,2,0,8
14/04/2021 13:20:04,10,2,0,8
14/04/2021 13:20:04,10,2,0,8
14/04/2021 13:20:04,10,2,0,8
14/04/2021 13:20:04,10,2,0,8
14/04/2021 13:20:04,10,2,0,8
14/04/2021 13:20:04,10,2,0,8
14/04/2021 13:20:04,10,2,0,8
14/04/2021 13:20:04,10,2,0,8
14/04/2021 13:20:04,10,2,0,8
14/04/2021 13:20:04,10,2,0,8
14/04/2021 13:20:04,10,2,0,8
14/04/2021 13:20:04,10,2,0,8
14/04/2021 13:20:04,10,2,0,8
14/04/2021 13:20:04,10,2,0,8
14/04/2021 13:20:04,10,2,0,8
14/04/2021 13:20:04,10,2,0,8
14/04/2021 13:20:04,10,2,0,8
14/04/2021 13:20:04,10,2,0,8
14/04/2021 13:20:04,10,2,0,8
14/04/2021 13:20:04,10,2,0,8
14/04/2021 13:20:04,10,2,0,8
14/04/2021 13:20:04,10,2,0,8
14/04/2021 13:20:04,10,2,0,8
14/04/2021 13:20:04,9,2,0,7
14/04/2021 13:20:04,9,2,0,7
14/04/2021 13:20:04,9,2,0,7
14/04/2021 13:20:04,9,2,0,7
14/04/2021 13:20:04,9,2,0,7
14/04/2021 13:20:04,9,2,0,7
14/04/2021 13:20:04,9,2,0,7
14/04/2021 13:20:04,9,2,0,7
14/04/2021 13:20:04,9,2,0,7
14/04/2021 13:20:04,10,2,0,8
14/04/2021 13:20:04,10,2,0,8
14/04/2021 13:20:04,10,2,0,8
14/04/2021 13:20:04,10,2,0,8
14/04/2021 13:20:04,10,2,0,8
14/04/2021 13:20:04,10,2,0,8
14/04/2021 13:20:04,10,2,0,8
14/04/2021 13:20:04,10,2,0,8
14/04/2021 13:20:04,10,2,0,8
14/04/2021 13:20:04,10,2,0,8
14/04/2021 13:20:04,9,2,0,7
14/04/2021 13:20:04,9,2,0,7
14/04/2021 13:20:04,9,2,0,7
14/04/2021 13:20:04,9,2,0,7
14/04/2021 13:20:04,9,2,0,7
14/04/2021 13:20:04,9,2,0,7
14/04/2021 13:20:04,9,2,0,7
14/04/2021 13:20:04,9,2,0,7
14/04/2021 13:20:04,9,2,0,7
14/04/2021 14:57:24,9,5,0,4
14/04/2021 14:57:24,9,5,0,4
14/04/2021 14:57:24,9,5,0,4
14/04/2021 14:57:24,9,5,0,4
14/04/2021 14:57:24,9,5,0,4
14/04/2021 14:57:24,9,5,0,4
14/04/2021 14:57:24,9,5,0,4
14/04/2021 14:57:24,9,5,0,4
14/04/2021 14:57:24,9,5,0,4
14/04/2021 14:57:24,9,5,0,4
14/04/2021 14:57:24,9,5,0,4
14/04/2021 14:57:24,9,5,0,4
14/04/2021 14:57:24,9,5,0,4
14/04/2021 14:57:24,9,5,0,4
14/04/2021 14:57:24,9,5,0,4
14/04/2021 14:57:24,9,5,0,4
14/04/2021 14:57:24,9,5,0,4
14/04/2021 14:57:24,9,5,0,4
14/04/2021 14:57:24,9,5,0,4
14/04/2021 14:57:24,9,5,0,4
14/04/2021 14:57:24,9,5,0,4
14/04/2021 14:57:24,9,5,0,4
14/04/2021 14:57:24,9,5,0,4
14/04/2021 14:57:24,9,5,0,4
14/04/2021 14:57:24,9,5,0,4
14/04/2021 14:57:24,9,5,0,4
14/04/2021 14:57:24,9,5,0,4
14/04/2021 14:57:24,10,7,0,3
14/04/2021 14:57:24,10,7,0,3
14/04/2021 14:57:24,10,7,0,3
14/04/2021 14:57:24,10,7,0,3
14/04/2021 14:57:24,10,7,0,3
14/04/2021 14:57:24,10,7,0,3
14/04/2021 14:57:24,10,7,0,3
14/04/2021 14:57:24,10,7,0,3
14/04/2021 14:57:24,10,7,0,3
14/04/2021 14:57:24,10,7,0,3
14/04/2021 14:57:24,10,7,0,3
14/04/2021 14:57:24,10,7,0,3
14/04/2021 14:57:24,10,7,0,3
14/04/2021 14:57:24,10,7,0,3
14/04/2021 14:57:24,10,7,0,3
14/04/2021 14:57:24,10,7,0,3
14/04/2021 14:57:24,10,7,0,3
14/04/2021 14:57:24,10,7,0,3
14/04/2021 14:57:24,10,7,0,3
14/04/2021 14:57:24,10,7,0,3
14/04/2021 14:57:24,9,5,0,4
14/04/2021 14:57:24,9,5,0,4
14/04/2021 14:57:24,9,5,0,4
14/04/2021 14:57:24,9,5,0,4
14/04/2021 14:57:24,9,5,0,4
14/04/2021 14:57:24,9,5,0,4
14/04/2021 14:57:24,9,5,0,4
14/04/2021 14:57:24,9,5,0,4
14/04/2021 14:57:24,9,5,0,4
14/04/2021 14:57:24,8,5,0,3
14/04/2021 14:57:24,8,5,0,3
14/04/2021 14:57:24,8,5,0,3
14/04/2021 14:57:24,8,5,0,3
14/04/2021 14:57:24,8,5,0,3
14/04/2021 14:57:24,8,5,0,3
14/04/2021 14:57:24,8,5,0,3
14/04/2021 14:57:24,8,5,0,3
14/04/2021 14:57:24,9,5,0,4
14/04/2021 14:57:24,9,5,0,4
14/04/2021 14:57:24,9,5,0,4
14/04/2021 14:57:24,9,5,0,4
14/04/2021 14:57:24,9,5,0,4
14/04/2021 14:57:24,9,5,0,4
14/04/2021 14:57:24,9,5,0,4
14/04/2021 14:57:24,9,5,0,4
14/04/2021 14:57:24,9,5,0,4
14/04/2021 14:57:24,9,5,0,4
14/04/2021 14:57:24,9,5,0,4
14/04/2021 14:57:24,9,5,0,4
14/04/2021 14:57:24,9,5,0,4
14/04/2021 14:57:24,9,5,0,4
14/04/2021 14:57:24,9,5,0,4
14/04/2021 14:57:24,9,5,0,4
14/04/2021 14:57:24,9,5,0,4
14/04/2021 14:57:24,9,5,0,4
14/04/2021 14:57:24,9,5,0,4
14/04/2021 14:57:24,9,5,0,4
14/04/2021 14:57:24,9,5,0,4
14/04/2021 14:57:24,9,5,0,4
14/04/2021 14:57:24,9,5,0,4
14/04/2021 14:57:24,9,5,0,4
14/04/2021 14:57:24,9,5,0,4
14/04/2021 14:57:24,9,5,0,4
14/04/2021 14:57:24,9,5,0,4
14/04/2021 14:57:24,7,4,0,3
14/04/2021 14:57:24,7,4,0,3
14/04/2021 14:57:24,7,4,0,3
14/04/2021 14:57:24,7,4,0,3
14/04/2021 14:57:24,7,4,0,3
14/04/2021 14:57:24,7,4,0,3
14/04/2021 14:57:24,7,4,0,3
14/04/2021 14:57:24,7,4,0,3
14/04/2021 14:57:24,7,4,0,3
14/04/2021 14:57:24,7,4,0,3
14/04/2021 14:57:24,7,4,0,3
14/04/2021 14:57:24,7,4,0,3
14/04/2021 14:57:24,7,4,0,3
14/04/2021 14:57:24,7,4,0,3
14/04/2021 14:57:24,8,6,0,2
14/04/2021 14:57:24,8,6,0,2
14/04/2021 14:57:24,8,6,0,2
14/04/2021 14:57:24,8,6,0,2
14/04/2021 14:57:24,8,6,0,2
14/04/2021 14:57:24,8,6,0,2
14/04/2021 14:57:24,8,6,0,2
14/04/2021 14:57:24,8,6,0,2
14/04/2021 14:57:24,8,6,0,2
14/04/2021 14:57:24,8,6,0,2
14/04/2021 14:57:24,8,6,0,2
14/04/2021 14:57:24,8,6,0,2
14/04/2021 14:57:24,8,6,0,2
14/04/2021 14:57:24,8,6,0,2
14/04/2021 14:57:24,8,6,0,2
14/04/2021 14:57:24,8,6,0,2
14/04/2021 14:57:24,8,4,0,4
14/04/2021 14:57:24,8,4,0,4
14/04/2021 14:57:24,8,4,0,4
14/04/2021 14:57:24,8,4,0,4
14/04/2021 14:57:24,8,4,0,4
14/04/2021 14:57:24,8,4,0,4
14/04/2021 14:57:24,8,4,0,4
14/04/2021 14:57:24,8,4,0,4
14/04/2021 14:57:24,8,4,0,4
14/04/2021 14:57:24,8,4,0,4
14/04/2021 14:57:24,8,4,0,4
14/04/2021 14:57:24,8,4,0,4
14/04/2021 14:57:24,8,4,0,4
14/04/2021 14:57:24,8,4,0,4
14/04/2021 14:57:24,8,4,0,4
14/04/2021 14:57:24,8,4,0,4
14/04/2021 14:57:24,8,4,0,4
14/04/2021 14:57:24,8,4,0,4
14/04/2021 14:57:24,8,4,0,4
14/04/2021 14:57:24,8,4,0,4
14/04/2021 14:57:24,8,4,0,4
14/04/2021 14:57:24,8,4,0,4
14/04/2021 14:57:24,8,4,0,4
14/04/2021 14:57:24,8,4,0,4
14/04/2021 14:57:24,8,4,0,4
14/04/2021 14:57:24,8,4,0,4
14/04/2021 14:57:24,8,4,0,4
14/04/2021 14:57:24,8,4,0,4
14/04/2021 14:57:24,8,4,0,4
14/04/2021 14:57:24,8,4,0,4
14/04/2021 14:57:24,8,4,0,4
14/04/2021 14:57:24,8,4,0,4
14/04/2021 14:57:24,8,4,0,4
14/04/2021 14:57:24,8,4,0,4
14/04/2021 14:57:24,8,4,0,4
14/04/2021 14:57:24,8,4,0,4
14/04/2021 14:57:24,8,4,0,4
14/04/2021 14:57:24,8,4,0,4
14/04/2021 14:57:24,8,4,0,4
14/04/2021 14:57:24,8,4,0,4
14/04/2021 14:57:24,8,2,0,6
14/04/2021 14:57:24,8,2,0,6
14/04/2021 14:57:24,8,2,0,6
14/04/2021 14:57:24,8,2,0,6
14/04/2021 14:57:24,8,2,0,6
14/04/2021 14:57:24,8,2,0,6
14/04/2021 14:57:24,8,2,0,6
14/04/2021 14:57:24,8,2,0,6
14/04/2021 14:57:24,8,2,0,6
14/04/2021 14:57:24,8,2,0,6
14/04/2021 14:57:24,8,2,0,6
14/04/2021 14:57:24,8,2,0,6
14/04/2021 14:57:24,8,2,0,6
14/04/2021 14:57:24,8,2,0,6
14/04/2021 14:57:24,8,2,0,6
14/04/2021 14:57:24,8,2,0,6
14/04/2021 14:57:24,8,2,0,6
14/04/2021 14:57:24,8,2,0,6
14/04/2021 14:57:24,8,2,0,6
14/04/2021 14:57:24,8,2,0,6
14/04/2021 14:57:24,8,2,0,6
14/04/2021 14:57:24,8,2,0,6
14/04/2021 14:57:24,8,2,0,6
14/04/2021 14:57:24,8,2,0,6
14/04/2021 14:57:24,8,2,0,6
14/04/2021 14:57:24,8,2,0,6
14/04/2021 14:57:24,8,2,0,6
14/04/2021 14:57:24,8,2,0,6
14/04/2021 14:57:24,8,2,0,6
14/04/2021 14:57:24,8,2,0,6
14/04/2021 14:57:24,8,2,0,6
14/04/2021 14:57:24,8,2,0,6
14/04/2021 14:57:24,8,2,0,6
14/04/2021 14:57:24,8,2,0,6
14/04/2021 14:57:24,8,2,0,6
14/04/2021 14:57:24,8,2,0,6
14/04/2021 14:57:24,8,2,0,6
14/04/2021 14:57:24,8,2,0,6
14/04/2021 14:57:24,8,2,0,6
14/04/2021 14:57:24,8,2,0,6
14/04/2021 14:57:24,8,2,0,6
14/04/2021 14:57:24,8,2,0,6
14/04/2021 14:57:24,8,2,0,6
14/04/2021 14:57:24,8,2,0,6
14/04/2021 14:57:24,8,2,0,6
14/04/2021 14:57:24,8,2,0,6
14/04/2021 14:57:24,8,2,0,6
14/04/2021 14:57:24,8,2,0,6
14/04/2021 14:58:27,8,4,0,4
14/04/2021 14:58:27,8,4,0,4
14/04/2021 14:58:27,8,4,0,4
14/04/2021 14:58:27,8,4,0,4
14/04/2021 14:58:27,8,4,0,4
14/04/2021 14:58:27,8,4,0,4
14/04/2021 14:58:27,8,4,0,4
14/04/2021 14:58:27,8,4,0,4
14/04/2021 14:58:27,8,4,0,4
14/04/2021 14:58:27,8,4,0,4
14/04/2021 14:58:27,8,4,0,4
14/04/2021 14:58:27,8,4,0,4
14/04/2021 14:58:27,8,4,0,4
14/04/2021 14:58:27,8,4,0,4
14/04/2021 14:58:27,8,4,0,4
14/04/2021 14:58:27,8,4,0,4
14/04/2021 14:58:27,8,4,0,4
14/04/2021 14:58:27,8,4,0,4
14/04/2021 14:58:27,8,4,0,4
14/04/2021 14:58:27,8,4,0,4
14/04/2021 14:58:27,8,4,0,4
14/04/2021 14:58:27,8,4,0,4
14/04/2021 14:58:27,8,4,0,4
14/04/2021 14:58:27,8,4,0,4
14/04/2021 14:58:27,8,4,0,4
14/04/2021 14:58:27,8,4,0,4
14/04/2021 14:58:27,8,4,0,4
14/04/2021 14:58:27,8,4,0,4
14/04/2021 14:58:27,8,4,0,4
14/04/2021 14:58:27,8,4,0,4
14/04/2021 14:58:27,8,4,0,4
14/04/2021 14:58:27,8,4,0,4
14/04/2021 14:58:27,8,4,0,4
14/04/2021 14:58:27,8,4,0,4
14/04/2021 14:58:27,8,4,0,4
14/04/2021 14:58:27,8,4,0,4
14/04/2021 14:58:27,8,4,0,4
14/04/2021 14:58:27,8,4,0,4
14/04/2021 14:58:27,8,4,0,4
14/04/2021 14:58:27,8,4,0,4
14/04/2021 14:58:27,8,4,0,4
14/04/2021 14:58:27,8,4,0,4
14/04/2021 14:58:27,8,4,0,4
14/04/2021 14:58:27,8,4,0,4
14/04/2021 14:58:27,8,4,0,4
14/04/2021 14:58:27,8,4,0,4
14/04/2021 14:58:27,8,4,0,4
14/04/2021 14:58:27,8,4,0,4
14/04/2021 14:58:27,8,4,0,4
14/04/2021 14:58:27,8,4,0,4
14/04/2021 14:58:27,8,4,0,4
14/04/2021 14:58:27,8,4,0,4
14/04/2021 14:58:27,8,4,0,4
14/04/2021 14:58:27,8,4,0,4
14/04/2021 14:58:27,8,4,0,4
14/04/2021 14:58:27,8,4,0,4
14/04/2021 14:58:27,8,4,0,4
14/04/2021 14:58:27,8,4,0,4
14/04/2021 14:58:27,8,4,0,4
14/04/2021 14:58:27,8,4,0,4
14/04/2021 14:58:27,8,4,0,4
14/04/2021 14:58:27,8,4,0,4
14/04/2021 14:58:27,8,4,0,4
14/04/2021 14:58:27,8,4,0,4
14/04/2021 14:58:27,8,4,0,4
14/04/2021 14:58:27,8,4,0,4
14/04/2021 14:58:27,8,4,0,4
14/04/2021 14:58:27,8,4,0,4
14/04/2021 14:58:27,8,4,0,4
14/04/2021 14:58:27,8,4,0,4
14/04/2021 14:58:27,8,4,0,4
14/04/2021 14:58:27,8,4,0,4
14/04/2021 14:58:56,9,3,5,1
14/04/2021 14:58:56,9,3,5,1
14/04/2021 14:58:56,9,3,5,1
14/04/2021 14:58:56,9,3,5,1
14/04/2021 14:58:56,9,3,5,1
14/04/2021 14:58:56,9,3,5,1
14/04/2021 14:58:56,9,3,5,1
14/04/2021 14:58:56,9,3,5,1
14/04/2021 14:58:56,9,3,5,1
14/04/2021 14:58:56,9,3,5,1
14/04/2021 14:58:56,9,3,5,1
14/04/2021 14:58:56,9,3,5,1
14/04/2021 14:58:56,9,3,5,1
14/04/2021 14:58:56,9,3,5,1
14/04/2021 14:58:56,9,3,5,1
14/04/2021 14:58:56,9,3,5,1
14/04/2021 14:58:56,9,3,5,1
14/04/2021 14:58:56,9,3,5,1
14/04/2021 14:58:56,9,3,3,3
14/04/2021 14:58:56,9,3,3,3
14/04/2021 14:58:56,9,3,3,3
14/04/2021 14:58:56,9,3,3,3
14/04/2021 14:58:56,9,3,3,3
14/04/2021 14:58:56,9,3,3,3
14/04/2021 14:58:56,9,3,3,3
14/04/2021 14:58:56,9,3,3,3
14/04/2021 14:58:56,9,3,3,3
14/04/2021 14:58:56,8,2,3,3
14/04/2021 14:58:56,8,2,3,3
14/04/2021 14:58:56,8,2,3,3
14/04/2021 14:58:56,8,2,3,3
14/04/2021 14:58:56,8,2,3,3
14/04/2021 14:58:56,8,2,3,3
14/04/2021 14:58:56,8,2,3,3
14/04/2021 14:58:56,8,2,3,3
14/04/2021 14:58:56,8,2,3,3
14/04/2021 14:58:56,8,2,3,3
14/04/2021 14:58:56,8,2,3,3
14/04/2021 14:58:56,8,2,3,3
14/04/2021 14:58:56,8,2,3,3
14/04/2021 14:58:56,8,2,3,3
14/04/2021 14:58:56,8,2,3,3
14/04/2021 14:58:56,8,2,3,3
14/04/2021 14:58:56,9,2,5,2
14/04/2021 14:58:56,9,2,5,2
14/04/2021 14:58:56,9,2,5,2
14/04/2021 14:58:56,9,2,5,2
14/04/2021 14:58:56,9,2,5,2
14/04/2021 14:58:56,9,2,5,2
14/04/2021 14:58:56,9,2,5,2
14/04/2021 14:58:56,9,2,5,2
14/04/2021 14:58:56,9,2,5,2
14/04/2021 14:58:56,9,4,1,4
14/04/2021 14:58:56,9,4,1,4
14/04/2021 14:58:56,9,4,1,4
14/04/2021 14:58:56,9,4,1,4
14/04/2021 14:58:56,9,4,1,4
14/04/2021 14:58:56,9,4,1,4
14/04/2021 14:58:56,9,4,1,4
14/04/2021 14:58:56,9,4,1,4
14/04/2021 14:58:56,9,4,1,4
14/04/2021 14:58:56,9,2,3,4
14/04/2021 14:58:56,9,2,3,4
14/04/2021 14:58:56,9,2,3,4
14/04/2021 14:58:56,9,2,3,4
14/04/2021 14:58:56,9,2,3,4
14/04/2021 14:58:56,9,2,3,4
14/04/2021 14:58:56,9,2,3,4
14/04/2021 14:58:56,9,2,3,4
14/04/2021 14:58:56,9,2,3,4
14/04/2021 14:58:56,9,2,3,4
14/04/2021 14:58:56,9,2,3,4
14/04/2021 14:58:56,9,2,3,4
14/04/2021 14:58:56,9,2,3,4
14/04/2021 14:58:56,9,2,3,4
14/04/2021 14:58:56,9,2,3,4
14/04/2021 14:58:56,9,2,3,4
14/04/2021 14:58:56,9,2,3,4
14/04/2021 14:58:56,9,2,3,4
14/04/2021 14:58:56,9,2,5,2
14/04/2021 14:58:56,9,2,5,2
14/04/2021 14:58:56,9,2,5,2
14/04/2021 14:58:56,9,2,5,2
14/04/2021 14:58:56,9,2,5,2
14/04/2021 14:58:56,9,2,5,2
14/04/2021 14:58:56,9,2,5,2
14/04/2021 14:58:56,9,2,5,2
14/04/2021 14:58:56,9,2,5,2
14/04/2021 14:58:56,8,2,2,4
14/04/2021 14:58:56,8,2,2,4
14/04/2021 14:58:56,8,2,2,4
14/04/2021 14:58:56,8,2,2,4
14/04/2021 14:58:56,8,2,2,4
14/04/2021 14:58:56,8,2,2,4
14/04/2021 14:58:56,8,2,2,4
14/04/2021 14:58:56,8,2,2,4
14/04/2021 14:58:56,8,2,2,4
14/04/2021 14:58:56,8,2,2,4
14/04/2021 14:58:56,8,2,2,4
14/04/2021 14:58:56,8,2,2,4
14/04/2021 14:58:56,8,2,2,4
14/04/2021 14:58:56,8,2,2,4
14/04/2021 14:58:56,8,2,2,4
14/04/2021 14:58:56,8,2,2,4
14/04/2021 14:58:56,8,2,3,3
14/04/2021 14:58:56,8,2,3,3
14/04/2021 14:58:56,8,2,3,3
14/04/2021 14:58:56,8,2,3,3
14/04/2021 14:58:56,8,2,3,3
14/04/2021 14:58:56,8,2,3,3
14/04/2021 14:58:56,8,2,3,3
14/04/2021 14:58:56,8,2,3,3
14/04/2021 14:58:56,9,2,3,4
14/04/2021 14:58:56,9,2,3,4
14/04/2021 14:58:56,9,2,3,4
14/04/2021 14:58:56,9,2,3,4
14/04/2021 14:58:56,9,2,3,4
14/04/2021 14:58:56,9,2,3,4
14/04/2021 14:58:56,9,2,3,4
14/04/2021 14:58:56,9,2,3,4
14/04/2021 14:58:56,9,2,3,4
14/04/2021 14:58:56,9,0,6,3
14/04/2021 14:58:56,9,0,6,3
14/04/2021 14:58:56,9,0,6,3
14/04/2021 14:58:56,9,0,6,3
14/04/2021 14:58:56,9,0,6,3
14/04/2021 14:58:56,9,0,6,3
14/04/2021 14:58:56,9,0,6,3
14/04/2021 14:58:56,9,0,6,3
14/04/2021 14:58:56,9,0,6,3
14/04/2021 14:58:56,9,0,4,5
14/04/2021 14:58:56,9,0,4,5
14/04/2021 14:58:56,9,0,4,5
14/04/2021 14:58:56,9,0,4,5
14/04/2021 14:58:56,9,0,4,5
14/04/2021 14:58:56,9,0,4,5
14/04/2021 14:58:56,9,0,4,5
14/04/2021 14:58:56,9,0,4,5
14/04/2021 14:58:56,9,0,4,5
14/04/2021 14:58:56,9,0,4,5
14/04/2021 14:58:56,9,0,4,5
14/04/2021 14:58:56,9,0,4,5
14/04/2021 14:58:56,9,0,4,5
14/04/2021 14:58:56,9,0,4,5
14/04/2021 14:58:56,9,0,4,5
14/04/2021 14:58:56,9,0,4,5
14/04/2021 14:58:56,9,0,4,5
14/04/2021 14:58:56,9,0,4,5
14/04/2021 14:58:56,9,4,3,2
14/04/2021 14:58:56,9,4,3,2
14/04/2021 14:58:56,9,4,3,2
14/04/2021 14:58:56,9,4,3,2
14/04/2021 14:58:56,9,4,3,2
14/04/2021 14:58:56,9,4,3,2
14/04/2021 14:58:56,9,4,3,2
14/04/2021 14:58:56,9,4,3,2
14/04/2021 14:58:56,9,4,3,2
14/04/2021 14:58:56,9,4,3,2
14/04/2021 14:58:56,9,4,3,2
14/04/2021 14:58:56,9,4,3,2
14/04/2021 14:58:56,9,4,3,2
14/04/2021 14:58:56,9,4,3,2
14/04/2021 14:58:56,9,4,3,2
14/04/2021 14:58:56,9,4,3,2
14/04/2021 14:58:56,9,4,3,2
14/04/2021 14:58:56,9,4,3,2
14/04/2021 14:58:56,11,4,5,2
14/04/2021 14:58:56,11,4,5,2
14/04/2021 14:58:56,11,4,5,2
14/04/2021 14:58:56,11,4,5,2
14/04/2021 14:58:56,11,4,5,2
14/04/2021 14:58:56,11,4,5,2
14/04/2021 14:58:56,11,4,5,2
14/04/2021 14:58:56,11,4,5,2
14/04/2021 14:58:56,11,4,5,2
14/04/2021 14:58:56,11,4,5,2
14/04/2021 14:58:56,11,4,5,2
14/04/2021 14:58:56,10,6,2,2
14/04/2021 14:58:56,10,6,2,2
14/04/2021 14:58:56,10,6,2,2
14/04/2021 14:58:56,10,6,2,2
14/04/2021 14:58:56,10,6,2,2
14/04/2021 14:58:56,10,6,2,2
14/04/2021 14:58:56,10,6,2,2
14/04/2021 14:58:56,10,6,2,2
14/04/2021 14:58:56,10,6,2,2
14/04/2021 14:58:56,10,6,2,2
14/04/2021 14:58:56,9,4,3,2
14/04/2021 14:58:56,9,4,3,2
14/04/2021 14:58:56,9,4,3,2
14/04/2021 14:58:56,9,4,3,2
14/04/2021 14:58:56,9,4,3,2
14/04/2021 14:58:56,9,4,3,2
14/04/2021 14:58:56,9,4,3,2
14/04/2021 14:58:56,9,4,3,2
14/04/2021 14:58:56,9,4,3,2
14/04/2021 14:58:56,11,5,3,3
14/04/2021 14:58:56,11,5,3,3
14/04/2021 14:58:56,11,5,3,3
14/04/2021 14:58:56,11,5,3,3
14/04/2021 14:58:56,11,5,3,3
14/04/2021 14:58:56,11,5,3,3
14/04/2021 14:58:56,11,5,3,3
14/04/2021 14:58:56,11,5,3,3
14/04/2021 14:58:56,11,5,3,3
14/04/2021 14:58:56,11,5,3,3
14/04/2021 14:58:56,11,5,3,3
14/04/2021 14:58:56,10,4,3,3
14/04/2021 14:58:56,10,4,3,3
14/04/2021 14:58:56,10,4,3,3
14/04/2021 14:58:56,10,4,3,3
14/04/2021 14:58:56,10,4,3,3
14/04/2021 14:58:56,10,4,3,3
14/04/2021 14:58:56,10,4,3,3
14/04/2021 14:58:56,10,4,3,3
14/04/2021 14:58:56,10,4,3,3
14/04/2021 14:58:56,10,4,3,3
14/04/2021 14:58:56,11,5,3,3
14/04/2021 14:58:56,11,5,3,3
14/04/2021 14:58:56,11,5,3,3
14/04/2021 14:58:56,11,5,3,3
14/04/2021 14:58:56,11,5,3,3
14/04/2021 14:58:56,11,5,3,3
14/04/2021 14:58:56,11,5,3,3
14/04/2021 14:58:56,11,5,3,3
14/04/2021 14:58:56,11,5,3,3
14/04/2021 14:58:56,11,5,3,3
14/04/2021 14:58:56,11,5,3,3
14/04/2021 14:58:56,12,7,3,2
14/04/2021 14:58:56,12,7,3,2
14/04/2021 14:58:56,12,7,3,2
14/04/2021 14:58:56,12,7,3,2
14/04/2021 14:58:56,12,7,3,2
14/04/2021 14:58:56,12,7,3,2
14/04/2021 14:58:56,12,7,3,2
14/04/2021 14:58:56,12,7,3,2
14/04/2021 14:58:56,12,7,3,2
14/04/2021 14:58:56,12,7,3,2
14/04/2021 14:58:56,12,7,3,2
14/04/2021 14:58:56,12,7,3,2
14/04/2021 14:58:56,11,4,4,3
14/04/2021 14:58:56,11,4,4,3
14/04/2021 14:58:56,11,4,4,3
14/04/2021 14:58:56,11,4,4,3
14/04/2021 14:58:56,11,4,4,3
14/04/2021 14:58:56,11,4,4,3
14/04/2021 14:58:56,11,4,4,3
14/04/2021 14:58:56,11,4,4,3
14/04/2021 14:58:56,11,4,4,3
14/04/2021 14:58:56,11,4,4,3
14/04/2021 14:58:56,11,4,4,3
14/04/2021 14:58:56,11,5,2,4
14/04/2021 14:58:56,11,5,2,4
14/04/2021 14:58:56,11,5,2,4
14/04/2021 14:58:56,11,5,2,4
14/04/2021 14:58:56,11,5,2,4
14/04/2021 14:58:56,11,5,2,4
14/04/2021 14:58:56,11,5,2,4
14/04/2021 14:58:56,11,5,2,4
14/04/2021 14:58:56,11,5,2,4
14/04/2021 14:58:56,11,5,2,4
14/04/2021 14:58:56,11,5,2,4
14/04/2021 14:58:56,11,4,3,4
14/04/2021 14:58:56,11,4,3,4
14/04/2021 14:58:56,11,4,3,4
14/04/2021 14:58:56,11,4,3,4
14/04/2021 14:58:56,11,4,3,4
14/04/2021 14:58:56,11,4,3,4
14/04/2021 14:58:56,11,4,3,4
14/04/2021 14:58:56,11,4,3,4
14/04/2021 14:58:56,11,4,3,4
14/04/2021 14:58:56,11,4,3,4
14/04/2021 14:58:56,11,4,3,4
14/04/2021 14:58:56,10,5,2,3
14/04/2021 14:58:56,10,5,2,3
14/04/2021 14:58:56,10,5,2,3
14/04/2021 14:58:56,10,5,2,3
14/04/2021 14:58:56,10,5,2,3
14/04/2021 14:58:56,10,5,2,3
14/04/2021 14:58:56,10,5,2,3
14/04/2021 14:58:56,10,5,2,3
14/04/2021 14:58:56,10,5,2,3
14/04/2021 14:58:56,10,5,2,3
14/04/2021 14:58:56,10,5,2,3
14/04/2021 14:58:56,10,5,2,3
14/04/2021 14:58:56,10,5,2,3
14/04/2021 14:58:56,10,5,2,3
14/04/2021 14:58:56,10,5,2,3
14/04/2021 14:58:56,10,5,2,3
14/04/2021 14:58:56,10,5,2,3
14/04/2021 14:58:56,10,5,2,3
14/04/2021 14:58:56,10,5,2,3
14/04/2021 14:58:56,10,5,2,3
14/04/2021 14:58:56,11,7,2,2
14/04/2021 14:58:56,11,7,2,2
14/04/2021 14:58:56,11,7,2,2
14/04/2021 14:58:56,11,7,2,2
14/04/2021 14:58:56,11,7,2,2
14/04/2021 14:58:56,11,7,2,2
14/04/2021 14:58:56,11,7,2,2
14/04/2021 14:58:56,11,7,2,2
14/04/2021 14:58:56,11,7,2,2
14/04/2021 14:58:56,11,7,2,2
14/04/2021 14:58:56,11,7,2,2
14/04/2021 14:58:56,10,5,2,3
14/04/2021 14:58:56,10,5,2,3
14/04/2021 14:58:56,10,5,2,3
14/04/2021 14:58:56,10,5,2,3
14/04/2021 14:58:56,10,5,2,3
14/04/2021 14:58:56,10,5,2,3
14/04/2021 14:58:56,10,5,2,3
14/04/2021 14:58:56,10,5,2,3
14/04/2021 14:58:56,10,5,2,3
14/04/2021 14:58:56,10,5,2,3
14/04/2021 14:58:56,9,5,2,2
14/04/2021 14:58:56,9,5,2,2
14/04/2021 14:58:56,9,5,2,2
14/04/2021 14:58:56,9,5,2,2
14/04/2021 14:58:56,9,5,2,2
14/04/2021 14:58:56,9,5,2,2
14/04/2021 14:58:56,9,5,2,2
14/04/2021 14:58:56,9,5,2,2
14/04/2021 14:58:56,9,5,2,2
14/04/2021 14:58:56,10,5,2,3
14/04/2021 14:58:56,10,5,2,3
14/04/2021 14:58:56,10,5,2,3
14/04/2021 14:58:56,10,5,2,3
14/04/2021 14:58:56,10,5,2,3
14/04/2021 14:58:56,10,5,2,3
14/04/2021 14:58:56,10,5,2,3
14/04/2021 14:58:56,10,5,2,3
14/04/2021 14:58:56,10,5,2,3
14/04/2021 14:58:56,10,5,2,3
21/04/2021 09:58:24,9,3,5,1
21/04/2021 09:58:24,9,3,5,1
21/04/2021 09:58:24,9,3,5,1
21/04/2021 09:58:24,9,3,5,1
21/04/2021 09:58:24,9,3,5,1
21/04/2021 09:58:24,9,3,5,1
21/04/2021 09:58:24,9,3,5,1
21/04/2021 09:58:24,9,3,5,1
21/04/2021 09:58:24,9,3,5,1
21/04/2021 09:58:24,9,3,5,1
21/04/2021 09:58:24,9,3,5,1
21/04/2021 09:58:24,9,3,5,1
21/04/2021 09:58:24,9,3,5,1
21/04/2021 09:58:24,9,3,5,1
21/04/2021 09:58:24,9,3,5,1
21/04/2021 09:58:24,9,3,5,1
21/04/2021 09:58:24,9,3,5,1
21/04/2021 09:58:24,9,3,5,1
21/04/2021 09:58:24,9,3,3,3
21/04/2021 09:58:24,9,3,3,3
21/04/2021 09:58:24,9,3,3,3
21/04/2021 09:58:24,9,3,3,3
21/04/2021 09:58:24,9,3,3,3
21/04/2021 09:58:24,9,3,3,3
21/04/2021 09:58:24,9,3,3,3
21/04/2021 09:58:24,9,3,3,3
21/04/2021 09:58:24,9,3,3,3
21/04/2021 09:58:24,8,2,3,3
21/04/2021 09:58:24,8,2,3,3
21/04/2021 09:58:24,8,2,3,3
21/04/2021 09:58:24,8,2,3,3
21/04/2021 09:58:24,8,2,3,3
21/04/2021 09:58:24,8,2,3,3
21/04/2021 09:58:24,8,2,3,3
21/04/2021 09:58:24,8,2,3,3
21/04/2021 09:58:24,8,2,3,3
21/04/2021 09:58:24,8,2,3,3
21/04/2021 09:58:24,8,2,3,3
21/04/2021 09:58:24,8,2,3,3
21/04/2021 09:58:24,8,2,3,3
21/04/2021 09:58:24,8,2,3,3
21/04/2021 09:58:24,8,2,3,3
21/04/2021 09:58:24,8,2,3,3
21/04/2021 09:58:24,9,2,5,2
21/04/2021 09:58:24,9,2,5,2
21/04/2021 09:58:24,9,2,5,2
21/04/2021 09:58:24,9,2,5,2
21/04/2021 09:58:24,9,2,5,2
21/04/2021 09:58:24,9,2,5,2
21/04/2021 09:58:24,9,2,5,2
21/04/2021 09:58:24,9,2,5,2
21/04/2021 09:58:24,9,2,5,2
21/04/2021 09:58:24,9,4,1,4
21/04/2021 09:58:24,9,4,1,4
21/04/2021 09:58:24,9,4,1,4
21/04/2021 09:58:24,9,4,1,4
21/04/2021 09:58:24,9,4,1,4
21/04/2021 09:58:24,9,4,1,4
21/04/2021 09:58:24,9,4,1,4
21/04/2021 09:58:24,9,4,1,4
21/04/2021 09:58:24,9,4,1,4
21/04/2021 09:58:24,9,2,3,4
21/04/2021 09:58:24,9,2,3,4
21/04/2021 09:58:24,9,2,3,4
21/04/2021 09:58:24,9,2,3,4
21/04/2021 09:58:24,9,2,3,4
21/04/2021 09:58:24,9,2,3,4
21/04/2021 09:58:24,9,2,3,4
21/04/2021 09:58:24,9,2,3,4
21/04/2021 09:58:24,9,2,3,4
21/04/2021 09:58:24,9,2,3,4
21/04/2021 09:58:24,9,2,3,4
21/04/2021 09:58:24,9,2,3,4
21/04/2021 09:58:24,9,2,3,4
21/04/2021 09:58:24,9,2,3,4
21/04/2021 09:58:24,9,2,3,4
21/04/2021 09:58:24,9,2,3,4
21/04/2021 09:58:24,9,2,3,4
21/04/2021 09:58:24,9,2,3,4
21/04/2021 09:58:24,9,2,5,2
21/04/2021 09:58:24,9,2,5,2
21/04/2021 09:58:24,9,2,5,2
21/04/2021 09:58:24,9,2,5,2
21/04/2021 09:58:24,9,2,5,2
21/04/2021 09:58:24,9,2,5,2
21/04/2021 09:58:24,9,2,5,2
21/04/2021 09:58:24,9,2,5,2
21/04/2021 09:58:24,9,2,5,2
21/04/2021 09:58:24,8,2,2,4
21/04/2021 09:58:24,8,2,2,4
21/04/2021 09:58:24,8,2,2,4
21/04/2021 09:58:24,8,2,2,4
21/04/2021 09:58:24,8,2,2,4
21/04/2021 09:58:24,8,2,2,4
21/04/2021 09:58:24,8,2,2,4
21/04/2021 09:58:24,8,2,2,4
21/04/2021 09:58:24,8,2,2,4
21/04/2021 09:58:24,8,2,2,4
21/04/2021 09:58:24,8,2,2,4
21/04/2021 09:58:24,8,2,2,4
21/04/2021 09:58:24,8,2,2,4
21/04/2021 09:58:24,8,2,2,4
21/04/2021 09:58:24,8,2,2,4
21/04/2021 09:58:24,8,2,2,4
21/04/2021 09:58:24,8,2,3,3
21/04/2021 09:58:24,8,2,3,3
21/04/2021 09:58:24,8,2,3,3
21/04/2021 09:58:24,8,2,3,3
21/04/2021 09:58:24,8,2,3,3
21/04/2021 09:58:24,8,2,3,3
21/04/2021 09:58:24,8,2,3,3
21/04/2021 09:58:24,8,2,3,3
21/04/2021 09:58:24,9,2,3,4
21/04/2021 09:58:24,9,2,3,4
21/04/2021 09:58:24,9,2,3,4
21/04/2021 09:58:24,9,2,3,4
21/04/2021 09:58:24,9,2,3,4
21/04/2021 09:58:24,9,2,3,4
21/04/2021 09:58:24,9,2,3,4
21/04/2021 09:58:24,9,2,3,4
21/04/2021 09:58:24,9,2,3,4
21/04/2021 09:58:24,9,0,6,3
21/04/2021 09:58:24,9,0,6,3
21/04/2021 09:58:24,9,0,6,3
21/04/2021 09:58:24,9,0,6,3
21/04/2021 09:58:24,9,0,6,3
21/04/2021 09:58:24,9,0,6,3
21/04/2021 09:58:24,9,0,6,3
21/04/2021 09:58:24,9,0,6,3
21/04/2021 09:58:24,9,0,6,3
21/04/2021 09:58:24,9,0,4,5
21/04/2021 09:58:24,9,0,4,5
21/04/2021 09:58:24,9,0,4,5
21/04/2021 09:58:24,9,0,4,5
21/04/2021 09:58:24,9,0,4,5
21/04/2021 09:58:24,9,0,4,5
21/04/2021 09:58:24,9,0,4,5
21/04/2021 09:58:24,9,0,4,5
21/04/2021 09:58:24,9,0,4,5
21/04/2021 09:58:24,9,0,4,5
21/04/2021 09:58:24,9,0,4,5
21/04/2021 09:58:24,9,0,4,5
21/04/2021 09:58:24,9,0,4,5
21/04/2021 09:58:24,9,0,4,5
21/04/2021 09:58:24,9,0,4,5
21/04/2021 09:58:24,9,0,4,5
21/04/2021 09:58:24,9,0,4,5
21/04/2021 09:58:24,9,0,4,5
21/04/2021 09:58:24,9,4,3,2
21/04/2021 09:58:24,9,4,3,2
21/04/2021 09:58:24,9,4,3,2
21/04/2021 09:58:24,9,4,3,2
21/04/2021 09:58:24,9,4,3,2
21/04/2021 09:58:24,9,4,3,2
21/04/2021 09:58:24,9,4,3,2
21/04/2021 09:58:24,9,4,3,2
21/04/2021 09:58:24,9,4,3,2
21/04/2021 09:58:24,9,4,3,2
21/04/2021 09:58:24,9,4,3,2
21/04/2021 09:58:24,9,4,3,2
21/04/2021 09:58:24,9,4,3,2
21/04/2021 09:58:24,9,4,3,2
21/04/2021 09:58:24,9,4,3,2
21/04/2021 09:58:24,9,4,3,2
21/04/2021 09:58:24,9,4,3,2
21/04/2021 09:58:24,9,4,3,2
21/04/2021 09:58:24,11,4,5,2
21/04/2021 09:58:24,11,4,5,2
21/04/2021 09:58:24,11,4,5,2
21/04/2021 09:58:24,11,4,5,2
21/04/2021 09:58:24,11,4,5,2
21/04/2021 09:58:24,11,4,5,2
21/04/2021 09:58:24,11,4,5,2
21/04/2021 09:58:24,11,4,5,2
21/04/2021 09:58:24,11,4,5,2
21/04/2021 09:58:24,11,4,5,2
21/04/2021 09:58:24,11,4,5,2
21/04/2021 09:58:24,10,6,2,2
21/04/2021 09:58:24,10,6,2,2
21/04/2021 09:58:24,10,6,2,2
21/04/2021 09:58:24,10,6,2,2
21/04/2021 09:58:24,10,6,2,2
21/04/2021 09:58:24,10,6,2,2
21/04/2021 09:58:24,10,6,2,2
21/04/2021 09:58:24,10,6,2,2
21/04/2021 09:58:24,10,6,2,2
21/04/2021 09:58:24,10,6,2,2
21/04/2021 09:58:24,9,4,3,2
21/04/2021 09:58:24,9,4,3,2
21/04/2021 09:58:24,9,4,3,2
21/04/2021 09:58:24,9,4,3,2
21/04/2021 09:58:24,9,4,3,2
21/04/2021 09:58:24,9,4,3,2
21/04/2021 09:58:24,9,4,3,2
21/04/2021 09:58:24,9,4,3,2
21/04/2021 09:58:24,9,4,3,2
21/04/2021 09:58:24,11,5,3,3
21/04/2021 09:58:24,11,5,3,3
21/04/2021 09:58:24,11,5,3,3
21/04/2021 09:58:24,11,5,3,3
21/04/2021 09:58:24,11,5,3,3
21/04/2021 09:58:24,11,5,3,3
21/04/2021 09:58:24,11,5,3,3
21/04/2021 09:58:24,11,5,3,3
21/04/2021 09:58:24,11,5,3,3
21/04/2021 09:58:24,11,5,3,3
21/04/2021 09:58:24,11,5,3,3
21/04/2021 09:58:24,10,4,3,3
21/04/2021 09:58:24,10,4,3,3
21/04/2021 09:58:24,10,4,3,3
21/04/2021 09:58:24,10,4,3,3
21/04/2021 09:58:24,10,4,3,3
21/04/2021 09:58:24,10,4,3,3
21/04/2021 09:58:24,10,4,3,3
21/04/2021 09:58:24,10,4,3,3
21/04/2021 09:58:24,10,4,3,3
21/04/2021 09:58:24,10,4,3,3
21/04/2021 09:58:24,11,5,3,3
21/04/2021 09:58:24,11,5,3,3
21/04/2021 09:58:24,11,5,3,3
21/04/2021 09:58:24,11,5,3,3
21/04/2021 09:58:24,11,5,3,3
21/04/2021 09:58:24,11,5,3,3
21/04/2021 09:58:24,11,5,3,3
21/04/2021 09:58:24,11,5,3,3
21/04/2021 09:58:24,11,5,3,3
21/04/2021 09:58:24,11,5,3,3
21/04/2021 09:58:24,11,5,3,3
21/04/2021 09:58:24,12,7,3,2
21/04/2021 09:58:24,12,7,3,2
21/04/2021 09:58:24,12,7,3,2
21/04/2021 09:58:24,12,7,3,2
21/04/2021 09:58:24,12,7,3,2
21/04/2021 09:58:24,12,7,3,2
21/04/2021 09:58:24,12,7,3,2
21/04/2021 09:58:24,12,7,3,2
21/04/2021 09:58:24,12,7,3,2
21/04/2021 09:58:24,12,7,3,2
21/04/2021 09:58:24,12,7,3,2
21/04/2021 09:58:24,12,7,3,2
21/04/2021 09:58:24,11,4,4,3
21/04/2021 09:58:24,11,4,4,3
21/04/2021 09:58:24,11,4,4,3
21/04/2021 09:58:24,11,4,4,3
21/04/2021 09:58:24,11,4,4,3
21/04/2021 09:58:24,11,4,4,3
21/04/2021 09:58:24,11,4,4,3
21/04/2021 09:58:24,11,4,4,3
21/04/2021 09:58:24,11,4,4,3
21/04/2021 09:58:24,11,4,4,3
21/04/2021 09:58:24,11,4,4,3
21/04/2021 09:58:24,11,5,2,4
21/04/2021 09:58:24,11,5,2,4
21/04/2021 09:58:24,11,5,2,4
21/04/2021 09:58:24,11,5,2,4
21/04/2021 09:58:24,11,5,2,4
21/04/2021 09:58:24,11,5,2,4
21/04/2021 09:58:24,11,5,2,4
21/04/2021 09:58:24,11,5,2,4
21/04/2021 09:58:24,11,5,2,4
21/04/2021 09:58:24,11,5,2,4
21/04/2021 09:58:24,11,5,2,4
21/04/2021 09:58:24,11,4,3,4
21/04/2021 09:58:24,11,4,3,4
21/04/2021 09:58:24,11,4,3,4
21/04/2021 09:58:24,11,4,3,4
21/04/2021 09:58:24,11,4,3,4
21/04/2021 09:58:24,11,4,3,4
21/04/2021 09:58:24,11,4,3,4
21/04/2021 09:58:24,11,4,3,4
21/04/2021 09:58:24,11,4,3,4
21/04/2021 09:58:24,11,4,3,4
21/04/2021 09:58:24,11,4,3,4
21/04/2021 09:58:24,10,5,2,3
21/04/2021 09:58:24,10,5,2,3
21/04/2021 09:58:24,10,5,2,3
21/04/2021 09:58:24,10,5,2,3
21/04/2021 09:58:24,10,5,2,3
21/04/2021 09:58:24,10,5,2,3
21/04/2021 09:58:24,10,5,2,3
21/04/2021 09:58:24,10,5,2,3
21/04/2021 09:58:24,10,5,2,3
21/04/2021 09:58:24,10,5,2,3
21/04/2021 09:58:24,10,5,2,3
21/04/2021 09:58:24,10,5,2,3
21/04/2021 09:58:24,10,5,2,3
21/04/2021 09:58:24,10,5,2,3
21/04/2021 09:58:24,10,5,2,3
21/04/2021 09:58:24,10,5,2,3
21/04/2021 09:58:24,10,5,2,3
21/04/2021 09:58:24,10,5,2,3
21/04/2021 09:58:24,10,5,2,3
21/04/2021 09:58:24,10,5,2,3
21/04/2021 11:21:59,9,3,5,1
21/04/2021 11:21:59,9,3,5,1
21/04/2021 11:21:59,9,3,5,1
21/04/2021 11:21:59,9,3,5,1
21/04/2021 11:21:59,9,3,5,1
21/04/2021 11:21:59,9,3,5,1
21/04/2021 11:21:59,9,3,5,1
21/04/2021 11:21:59,9,3,5,1
21/04/2021 11:21:59,9,3,5,1
21/04/2021 11:21:59,9,3,5,1
21/04/2021 11:21:59,9,3,5,1
21/04/2021 11:21:59,9,3,5,1
21/04/2021 11:21:59,9,3,5,1
21/04/2021 11:21:59,9,3,5,1
21/04/2021 11:21:59,9,3,5,1
21/04/2021 11:21:59,9,3,5,1
21/04/2021 11:21:59,9,3,5,1
21/04/2021 11:21:59,9,3,5,1
21/04/2021 11:21:59,9,3,3,3
21/04/2021 11:21:59,9,3,3,3
21/04/2021 11:21:59,9,3,3,3
21/04/2021 11:21:59,9,3,3,3
21/04/2021 11:21:59,9,3,3,3
21/04/2021 11:21:59,9,3,3,3
21/04/2021 11:21:59,9,3,3,3
21/04/2021 11:21:59,9,3,3,3
21/04/2021 11:21:59,9,3,3,3
21/04/2021 11:21:59,8,2,3,3
21/04/2021 11:21:59,8,2,3,3
21/04/2021 11:21:59,8,2,3,3
21/04/2021 11:21:59,8,2,3,3
21/04/2021 11:21:59,8,2,3,3
21/04/2021 11:21:59,8,2,3,3
21/04/2021 11:21:59,8,2,3,3
21/04/2021 11:21:59,8,2,3,3
21/04/2021 11:21:59,8,2,3,3
21/04/2021 11:21:59,8,2,3,3
21/04/2021 11:21:59,8,2,3,3
21/04/2021 11:21:59,8,2,3,3
21/04/2021 11:21:59,8,2,3,3
21/04/2021 11:21:59,8,2,3,3
21/04/2021 11:21:59,8,2,3,3
21/04/2021 11:21:59,8,2,3,3
21/04/2021 11:21:59,9,2,5,2
21/04/2021 11:21:59,9,2,5,2
21/04/2021 11:21:59,9,2,5,2
21/04/2021 11:21:59,9,2,5,2
21/04/2021 11:21:59,9,2,5,2
21/04/2021 11:21:59,9,2,5,2
21/04/2021 11:21:59,9,2,5,2
21/04/2021 11:21:59,9,2,5,2
21/04/2021 11:21:59,9,2,5,2
21/04/2021 11:21:59,9,4,1,4
21/04/2021 11:21:59,9,4,1,4
21/04/2021 11:21:59,9,4,1,4
21/04/2021 11:21:59,9,4,1,4
21/04/2021 11:21:59,9,4,1,4
21/04/2021 11:21:59,9,4,1,4
21/04/2021 11:21:59,9,4,1,4
21/04/2021 11:21:59,9,4,1,4
21/04/2021 11:21:59,9,4,1,4
21/04/2021 11:21:59,9,2,3,4
21/04/2021 11:21:59,9,2,3,4
21/04/2021 11:21:59,9,2,3,4
21/04/2021 11:21:59,9,2,3,4
21/04/2021 11:21:59,9,2,3,4
21/04/2021 11:21:59,9,2,3,4
21/04/2021 11:21:59,9,2,3,4
21/04/2021 11:21:59,9,2,3,4
21/04/2021 11:21:59,9,2,3,4
21/04/2021 11:21:59,9,2,3,4
21/04/2021 11:21:59,9,2,3,4
21/04/2021 11:21:59,9,2,3,4
21/04/2021 11:21:59,9,2,3,4
21/04/2021 11:21:59,9,2,3,4
21/04/2021 11:21:59,9,2,3,4
21/04/2021 11:21:59,9,2,3,4
21/04/2021 11:21:59,9,2,3,4
21/04/2021 11:21:59,9,2,3,4
21/04/2021 11:21:59,9,2,5,2
21/04/2021 11:21:59,9,2,5,2
21/04/2021 11:21:59,9,2,5,2
21/04/2021 11:21:59,9,2,5,2
21/04/2021 11:21:59,9,2,5,2
21/04/2021 11:21:59,9,2,5,2
21/04/2021 11:21:59,9,2,5,2
21/04/2021 11:21:59,9,2,5,2
21/04/2021 11:21:59,9,2,5,2
21/04/2021 11:21:59,8,2,2,4
21/04/2021 11:21:59,8,2,2,4
21/04/2021 11:21:59,8,2,2,4
21/04/2021 11:21:59,8,2,2,4
21/04/2021 11:21:59,8,2,2,4
21/04/2021 11:21:59,8,2,2,4
21/04/2021 11:21:59,8,2,2,4
21/04/2021 11:21:59,8,2,2,4
21/04/2021 11:21:59,8,2,2,4
21/04/2021 11:21:59,8,2,2,4
21/04/2021 11:21:59,8,2,2,4
21/04/2021 11:21:59,8,2,2,4
21/04/2021 11:21:59,8,2,2,4
21/04/2021 11:21:59,8,2,2,4
21/04/2021 11:21:59,8,2,2,4
21/04/2021 11:21:59,8,2,2,4
21/04/2021 11:21:59,8,2,3,3
21/04/2021 11:21:59,8,2,3,3
21/04/2021 11:21:59,8,2,3,3
21/04/2021 11:21:59,8,2,3,3
21/04/2021 11:21:59,8,2,3,3
21/04/2021 11:21:59,8,2,3,3
21/04/2021 11:21:59,8,2,3,3
21/04/2021 11:21:59,8,2,3,3
21/04/2021 11:21:59,9,2,3,4
21/04/2021 11:21:59,9,2,3,4
21/04/2021 11:21:59,9,2,3,4
21/04/2021 11:21:59,9,2,3,4
21/04/2021 11:21:59,9,2,3,4
21/04/2021 11:21:59,9,2,3,4
21/04/2021 11:21:59,9,2,3,4
21/04/2021 11:21:59,9,2,3,4
21/04/2021 11:21:59,9,2,3,4
21/04/2021 11:21:59,9,0,6,3
21/04/2021 11:21:59,9,0,6,3
21/04/2021 11:21:59,9,0,6,3
21/04/2021 11:21:59,9,0,6,3
21/04/2021 11:21:59,9,0,6,3
21/04/2021 11:21:59,9,0,6,3
21/04/2021 11:21:59,9,0,6,3
21/04/2021 11:21:59,9,0,6,3
21/04/2021 11:21:59,9,0,6,3
21/04/2021 11:21:59,9,0,4,5
21/04/2021 11:21:59,9,0,4,5
21/04/2021 11:21:59,9,0,4,5
21/04/2021 11:21:59,9,0,4,5
21/04/2021 11:21:59,9,0,4,5
21/04/2021 11:21:59,9,0,4,5
21/04/2021 11:21:59,9,0,4,5
21/04/2021 11:21:59,9,0,4,5
21/04/2021 11:21:59,9,0,4,5
21/04/2021 11:21:59,9,0,4,5
21/04/2021 11:21:59,9,0,4,5
21/04/2021 11:21:59,9,0,4,5
21/04/2021 11:21:59,9,0,4,5
21/04/2021 11:21:59,9,0,4,5
21/04/2021 11:21:59,9,0,4,5
21/04/2021 11:21:59,9,0,4,5
21/04/2021 11:21:59,9,0,4,5
21/04/2021 11:21:59,9,0,4,5
21/04/2021 11:21:59,9,4,3,2
21/04/2021 11:21:59,9,4,3,2
21/04/2021 11:21:59,9,4,3,2
21/04/2021 11:21:59,9,4,3,2
21/04/2021 11:21:59,9,4,3,2
21/04/2021 11:21:59,9,4,3,2
21/04/2021 11:21:59,9,4,3,2
21/04/2021 11:21:59,9,4,3,2
21/04/2021 11:21:59,9,4,3,2
21/04/2021 11:21:59,9,4,3,2
21/04/2021 11:21:59,9,4,3,2
21/04/2021 11:21:59,9,4,3,2
21/04/2021 11:21:59,9,4,3,2
21/04/2021 11:21:59,9,4,3,2
21/04/2021 11:21:59,9,4,3,2
21/04/2021 11:21:59,9,4,3,2
21/04/2021 11:21:59,9,4,3,2
21/04/2021 11:21:59,9,4,3,2
21/04/2021 11:21:59,11,4,5,2
21/04/2021 11:21:59,11,4,5,2
21/04/2021 11:21:59,11,4,5,2
21/04/2021 11:21:59,11,4,5,2
21/04/2021 11:21:59,11,4,5,2
21/04/2021 11:21:59,11,4,5,2
21/04/2021 11:21:59,11,4,5,2
21/04/2021 11:21:59,11,4,5,2
21/04/2021 11:21:59,11,4,5,2
21/04/2021 11:21:59,11,4,5,2
21/04/2021 11:21:59,11,4,5,2
21/04/2021 11:21:59,10,6,2,2
21/04/2021 11:21:59,10,6,2,2
21/04/2021 11:21:59,10,6,2,2
21/04/2021 11:21:59,10,6,2,2
21/04/2021 11:21:59,10,6,2,2
21/04/2021 11:21:59,10,6,2,2
21/04/2021 11:21:59,10,6,2,2
21/04/2021 11:21:59,10,6,2,2
21/04/2021 11:21:59,10,6,2,2
21/04/2021 11:21:59,10,6,2,2
21/04/2021 11:21:59,9,4,3,2
21/04/2021 11:21:59,9,4,3,2
21/04/2021 11:21:59,9,4,3,2
21/04/2021 11:21:59,9,4,3,2
21/04/2021 11:21:59,9,4,3,2
21/04/2021 11:21:59,9,4,3,2
21/04/2021 11:21:59,9,4,3,2
21/04/2021 11:21:59,9,4,3,2
21/04/2021 11:21:59,9,4,3,2
21/04/2021 11:21:59,11,5,3,3
21/04/2021 11:21:59,11,5,3,3
21/04/2021 11:21:59,11,5,3,3
21/04/2021 11:21:59,11,5,3,3
21/04/2021 11:21:59,11,5,3,3
21/04/2021 11:21:59,11,5,3,3
21/04/2021 11:21:59,11,5,3,3
21/04/2021 11:21:59,11,5,3,3
21/04/2021 11:21:59,11,5,3,3
21/04/2021 11:21:59,11,5,3,3
21/04/2021 11:21:59,11,5,3,3
21/04/2021 11:21:59,10,4,3,3
21/04/2021 11:21:59,10,4,3,3
21/04/2021 11:21:59,10,4,3,3
21/04/2021 11:21:59,10,4,3,3
21/04/2021 11:21:59,10,4,3,3
21/04/2021 11:21:59,10,4,3,3
21/04/2021 11:21:59,10,4,3,3
21/04/2021 11:21:59,10,4,3,3
21/04/2021 11:21:59,10,4,3,3
21/04/2021 11:21:59,10,4,3,3
21/04/2021 11:21:59,11,5,3,3
21/04/2021 11:21:59,11,5,3,3
21/04/2021 11:21:59,11,5,3,3
21/04/2021 11:21:59,11,5,3,3
21/04/2021 11:21:59,11,5,3,3
21/04/2021 11:21:59,11,5,3,3
21/04/2021 11:21:59,11,5,3,3
21/04/2021 11:21:59,11,5,3,3
21/04/2021 11:21:59,11,5,3,3
21/04/2021 11:21:59,11,5,3,3
21/04/2021 11:21:59,11,5,3,3
21/04/2021 11:21:59,12,7,3,2
21/04/2021 11:21:59,12,7,3,2
21/04/2021 11:21:59,12,7,3,2
21/04/2021 11:21:59,12,7,3,2
21/04/2021 11:21:59,12,7,3,2
21/04/2021 11:21:59,12,7,3,2
21/04/2021 11:21:59,12,7,3,2
21/04/2021 11:21:59,12,7,3,2
21/04/2021 11:21:59,12,7,3,2
21/04/2021 11:21:59,12,7,3,2
21/04/2021 11:21:59,12,7,3,2
21/04/2021 11:21:59,12,7,3,2
21/04/2021 11:21:59,11,4,4,3
21/04/2021 11:21:59,11,4,4,3
21/04/2021 11:21:59,11,4,4,3
21/04/2021 11:21:59,11,4,4,3
21/04/2021 11:21:59,11,4,4,3
21/04/2021 11:21:59,11,4,4,3
21/04/2021 11:21:59,11,4,4,3
21/04/2021 11:21:59,11,4,4,3
21/04/2021 11:21:59,11,4,4,3
21/04/2021 11:21:59,11,4,4,3
21/04/2021 11:21:59,11,4,4,3
21/04/2021 11:21:59,11,5,2,4
21/04/2021 11:21:59,11,5,2,4
21/04/2021 11:21:59,11,5,2,4
21/04/2021 11:21:59,11,5,2,4
21/04/2021 11:21:59,11,5,2,4
21/04/2021 11:21:59,11,5,2,4
21/04/2021 11:21:59,11,5,2,4
21/04/2021 11:21:59,11,5,2,4
21/04/2021 11:21:59,11,5,2,4
21/04/2021 11:21:59,11,5,2,4
21/04/2021 11:21:59,11,5,2,4
21/04/2021 11:21:59,11,4,3,4
21/04/2021 11:21:59,11,4,3,4
21/04/2021 11:21:59,11,4,3,4
21/04/2021 11:21:59,11,4,3,4
21/04/2021 11:21:59,11,4,3,4
21/04/2021 11:21:59,11,4,3,4
21/04/2021 11:21:59,11,4,3,4
21/04/2021 11:21:59,11,4,3,4
21/04/2021 11:21:59,11,4,3,4
21/04/2021 11:21:59,11,4,3,4
21/04/2021 11:21:59,11,4,3,4
21/04/2021 11:21:59,10,5,2,3
21/04/2021 11:21:59,10,5,2,3
21/04/2021 11:21:59,10,5,2,3
21/04/2021 11:21:59,10,5,2,3
21/04/2021 11:21:59,10,5,2,3
21/04/2021 11:21:59,10,5,2,3
21/04/2021 11:21:59,10,5,2,3
21/04/2021 11:21:59,10,5,2,3
21/04/2021 11:21:59,10,5,2,3
21/04/2021 11:21:59,10,5,2,3
21/04/2021 11:21:59,10,5,2,3
21/04/2021 11:21:59,10,5,2,3
21/04/2021 11:21:59,10,5,2,3
21/04/2021 11:21:59,10,5,2,3
21/04/2021 11:21:59,10,5,2,3
21/04/2021 11:21:59,10,5,2,3
21/04/2021 11:21:59,10,5,2,3
21/04/2021 11:21:59,10,5,2,3
21/04/2021 11:21:59,10,5,2,3
21/04/2021 11:21:59,10,5,2,3
21/04/2021 21:32:40,9,3,5,1
21/04/2021 21:32:40,9,3,5,1
21/04/2021 21:32:40,9,3,5,1
21/04/2021 21:32:40,9,3,5,1
21/04/2021 21:32:40,9,3,5,1
21/04/2021 21:32:40,9,3,5,1
21/04/2021 21:32:40,9,3,5,1
21/04/2021 21:32:40,9,3,5,1
21/04/2021 21:32:40,9,3,5,1
21/04/2021 21:32:40,9,3,5,1
21/04/2021 21:32:40,9,3,5,1
21/04/2021 21:32:40,9,3,5,1
21/04/2021 21:32:40,9,3,5,1
21/04/2021 21:32:40,9,3,5,1
21/04/2021 21:32:40,9,3,5,1
21/04/2021 21:32:40,9,3,5,1
21/04/2021 21:32:40,9,3,5,1
21/04/2021 21:32:40,9,3,5,1
21/04/2021 21:32:40,9,3,3,3
21/04/2021 21:32:40,9,3,3,3
21/04/2021 21:32:40,9,3,3,3
21/04/2021 21:32:40,9,3,3,3
21/04/2021 21:32:40,9,3,3,3
21/04/2021 21:32:40,9,3,3,3
21/04/2021 21:32:40,9,3,3,3
21/04/2021 21:32:40,9,3,3,3
21/04/2021 21:32:40,9,3,3,3
21/04/2021 21:32:40,8,2,3,3
21/04/2021 21:32:40,8,2,3,3
21/04/2021 21:32:40,8,2,3,3
21/04/2021 21:32:40,8,2,3,3
21/04/2021 21:32:40,8,2,3,3
21/04/2021 21:32:40,8,2,3,3
21/04/2021 21:32:40,8,2,3,3
21/04/2021 21:32:40,8,2,3,3
21/04/2021 21:32:40,8,2,3,3
21/04/2021 21:32:40,8,2,3,3
21/04/2021 21:32:40,8,2,3,3
21/04/2021 21:32:40,8,2,3,3
21/04/2021 21:32:40,8,2,3,3
21/04/2021 21:32:40,8,2,3,3
21/04/2021 21:32:40,8,2,3,3
21/04/2021 21:32:40,8,2,3,3
21/04/2021 21:32:40,9,2,5,2
21/04/2021 21:32:40,9,2,5,2
21/04/2021 21:32:40,9,2,5,2
21/04/2021 21:32:40,9,2,5,2
21/04/2021 21:32:40,9,2,5,2
21/04/2021 21:32:40,9,2,5,2
21/04/2021 21:32:40,9,2,5,2
21/04/2021 21:32:40,9,2,5,2
21/04/2021 21:32:40,9,2,5,2
21/04/2021 21:32:40,9,4,1,4
21/04/2021 21:32:40,9,4,1,4
21/04/2021 21:32:40,9,4,1,4
21/04/2021 21:32:40,9,4,1,4
21/04/2021 21:32:40,9,4,1,4
21/04/2021 21:32:40,9,4,1,4
21/04/2021 21:32:40,9,4,1,4
21/04/2021 21:32:40,9,4,1,4
21/04/2021 21:32:40,9,4,1,4
21/04/2021 21:32:40,9,2,3,4
21/04/2021 21:32:40,9,2,3,4
21/04/2021 21:32:40,9,2,3,4
21/04/2021 21:32:40,9,2,3,4
21/04/2021 21:32:40,9,2,3,4
21/04/2021 21:32:40,9,2,3,4
21/04/2021 21:32:40,9,2,3,4
21/04/2021 21:32:40,9,2,3,4
21/04/2021 21:32:40,9,2,3,4
21/04/2021 21:32:40,9,2,3,4
21/04/2021 21:32:40,9,2,3,4
21/04/2021 21:32:40,9,2,3,4
21/04/2021 21:32:40,9,2,3,4
21/04/2021 21:32:40,9,2,3,4
21/04/2021 21:32:40,9,2,3,4
21/04/2021 21:32:40,9,2,3,4
21/04/2021 21:32:40,9,2,3,4
21/04/2021 21:32:40,9,2,3,4
21/04/2021 21:32:40,9,2,5,2
21/04/2021 21:32:40,9,2,5,2
21/04/2021 21:32:40,9,2,5,2
21/04/2021 21:32:40,9,2,5,2
21/04/2021 21:32:40,9,2,5,2
21/04/2021 21:32:40,9,2,5,2
21/04/2021 21:32:40,9,2,5,2
21/04/2021 21:32:40,9,2,5,2
21/04/2021 21:32:40,9,2,5,2
21/04/2021 21:32:40,8,2,2,4
21/04/2021 21:32:40,8,2,2,4
21/04/2021 21:32:40,8,2,2,4
21/04/2021 21:32:40,8,2,2,4
21/04/2021 21:32:40,8,2,2,4
21/04/2021 21:32:40,8,2,2,4
21/04/2021 21:32:40,8,2,2,4
21/04/2021 21:32:40,8,2,2,4
21/04/2021 21:32:40,8,2,2,4
21/04/2021 21:32:40,8,2,2,4
21/04/2021 21:32:40,8,2,2,4
21/04/2021 21:32:40,8,2,2,4
21/04/2021 21:32:40,8,2,2,4
21/04/2021 21:32:40,8,2,2,4
21/04/2021 21:32:40,8,2,2,4
21/04/2021 21:32:40,8,2,2,4
21/04/2021 21:32:40,8,2,3,3
21/04/2021 21:32:40,8,2,3,3
21/04/2021 21:32:40,8,2,3,3
21/04/2021 21:32:40,8,2,3,3
21/04/2021 21:32:40,8,2,3,3
21/04/2021 21:32:40,8,2,3,3
21/04/2021 21:32:40,8,2,3,3
21/04/2021 21:32:40,8,2,3,3
21/04/2021 21:32:40,9,2,3,4
21/04/2021 21:32:40,9,2,3,4
21/04/2021 21:32:40,9,2,3,4
21/04/2021 21:32:40,9,2,3,4
21/04/2021 21:32:40,9,2,3,4
21/04/2021 21:32:40,9,2,3,4
21/04/2021 21:32:40,9,2,3,4
21/04/2021 21:32:40,9,2,3,4
21/04/2021 21:32:40,9,2,3,4
21/04/2021 21:32:40,9,0,6,3
21/04/2021 21:32:40,9,0,6,3
21/04/2021 21:32:40,9,0,6,3
21/04/2021 21:32:40,9,0,6,3
21/04/2021 21:32:40,9,0,6,3
21/04/2021 21:32:40,9,0,6,3
21/04/2021 21:32:40,9,0,6,3
21/04/2021 21:32:40,9,0,6,3
21/04/2021 21:32:40,9,0,6,3
21/04/2021 21:32:40,9,0,4,5
21/04/2021 21:32:40,9,0,4,5
21/04/2021 21:32:40,9,0,4,5
21/04/2021 21:32:40,9,0,4,5
21/04/2021 21:32:40,9,0,4,5
21/04/2021 21:32:40,9,0,4,5
21/04/2021 21:32:40,9,0,4,5
21/04/2021 21:32:40,9,0,4,5
21/04/2021 21:32:40,9,0,4,5
21/04/2021 21:32:40,9,0,4,5
21/04/2021 21:32:40,9,0,4,5
21/04/2021 21:32:40,9,0,4,5
21/04/2021 21:32:40,9,0,4,5
21/04/2021 21:32:40,9,0,4,5
21/04/2021 21:32:40,9,0,4,5
21/04/2021 21:32:40,9,0,4,5
21/04/2021 21:32:40,9,0,4,5
21/04/2021 21:32:40,9,0,4,5
21/04/2021 21:32:40,9,4,3,2
21/04/2021 21:32:40,9,4,3,2
21/04/2021 21:32:40,9,4,3,2
21/04/2021 21:32:40,9,4,3,2
21/04/2021 21:32:40,9,4,3,2
21/04/2021 21:32:40,9,4,3,2
21/04/2021 21:32:40,9,4,3,2
21/04/2021 21:32:40,9,4,3,2
21/04/2021 21:32:40,9,4,3,2
21/04/2021 21:32:40,9,4,3,2
21/04/2021 21:32:40,9,4,3,2
21/04/2021 21:32:40,9,4,3,2
21/04/2021 21:32:40,9,4,3,2
21/04/2021 21:32:40,9,4,3,2
21/04/2021 21:32:40,9,4,3,2
21/04/2021 21:32:40,9,4,3,2
21/04/2021 21:32:40,9,4,3,2
21/04/2021 21:32:40,9,4,3,2
21/04/2021 21:32:40,11,4,5,2
21/04/2021 21:32:40,11,4,5,2
21/04/2021 21:32:40,11,4,5,2
21/04/2021 21:32:40,11,4,5,2
21/04/2021 21:32:40,11,4,5,2
21/04/2021 21:32:40,11,4,5,2
21/04/2021 21:32:40,11,4,5,2
21/04/2021 21:32:40,11,4,5,2
21/04/2021 21:32:40,11,4,5,2
21/04/2021 21:32:40,11,4,5,2
21/04/2021 21:32:40,11,4,5,2
21/04/2021 21:32:40,10,6,2,2
21/04/2021 21:32:40,10,6,2,2
21/04/2021 21:32:40,10,6,2,2
21/04/2021 21:32:40,10,6,2,2
21/04/2021 21:32:40,10,6,2,2
21/04/2021 21:32:40,10,6,2,2
21/04/2021 21:32:40,10,6,2,2
21/04/2021 21:32:40,10,6,2,2
21/04/2021 21:32:40,10,6,2,2
21/04/2021 21:32:40,10,6,2,2
21/04/2021 21:32:40,9,4,3,2
21/04/2021 21:32:40,9,4,3,2
21/04/2021 21:32:40,9,4,3,2
21/04/2021 21:32:40,9,4,3,2
21/04/2021 21:32:40,9,4,3,2
21/04/2021 21:32:40,9,4,3,2
21/04/2021 21:32:40,9,4,3,2
21/04/2021 21:32:40,9,4,3,2
21/04/2021 21:32:40,9,4,3,2
21/04/2021 21:32:40,11,5,3,3
21/04/2021 21:32:40,11,5,3,3
21/04/2021 21:32:40,11,5,3,3
21/04/2021 21:32:40,11,5,3,3
21/04/2021 21:32:40,11,5,3,3
21/04/2021 21:32:40,11,5,3,3
21/04/2021 21:32:40,11,5,3,3
21/04/2021 21:32:40,11,5,3,3
21/04/2021 21:32:40,11,5,3,3
21/04/2021 21:32:40,11,5,3,3
21/04/2021 21:32:40,11,5,3,3
21/04/2021 21:32:40,10,4,3,3
21/04/2021 21:32:40,10,4,3,3
21/04/2021 21:32:40,10,4,3,3
21/04/2021 21:32:40,10,4,3,3
21/04/2021 21:32:40,10,4,3,3
21/04/2021 21:32:40,10,4,3,3
21/04/2021 21:32:40,10,4,3,3
21/04/2021 21:32:40,10,4,3,3
21/04/2021 21:32:40,10,4,3,3
21/04/2021 21:32:40,10,4,3,3
21/04/2021 21:32:40,11,5,3,3
21/04/2021 21:32:40,11,5,3,3
21/04/2021 21:32:40,11,5,3,3
21/04/2021 21:32:40,11,5,3,3
21/04/2021 21:32:40,11,5,3,3
21/04/2021 21:32:40,11,5,3,3
21/04/2021 21:32:40,11,5,3,3
21/04/2021 21:32:40,11,5,3,3
21/04/2021 21:32:40,11,5,3,3
21/04/2021 21:32:40,11,5,3,3
21/04/2021 21:32:40,11,5,3,3
21/04/2021 21:32:40,12,7,3,2
21/04/2021 21:32:40,12,7,3,2
21/04/2021 21:32:40,12,7,3,2
21/04/2021 21:32:40,12,7,3,2
21/04/2021 21:32:40,12,7,3,2
21/04/2021 21:32:40,12,7,3,2
21/04/2021 21:32:40,12,7,3,2
21/04/2021 21:32:40,12,7,3,2
21/04/2021 21:32:40,12,7,3,2
21/04/2021 21:32:40,12,7,3,2
21/04/2021 21:32:40,12,7,3,2
21/04/2021 21:32:40,12,7,3,2
21/04/2021 21:32:40,11,4,4,3
21/04/2021 21:32:40,11,4,4,3
21/04/2021 21:32:40,11,4,4,3
21/04/2021 21:32:40,11,4,4,3
21/04/2021 21:32:40,11,4,4,3
21/04/2021 21:32:40,11,4,4,3
21/04/2021 21:32:40,11,4,4,3
21/04/2021 21:32:40,11,4,4,3
21/04/2021 21:32:40,11,4,4,3
21/04/2021 21:32:40,11,4,4,3
21/04/2021 21:32:40,11,4,4,3
21/04/2021 21:32:40,11,5,2,4
21/04/2021 21:32:40,11,5,2,4
21/04/2021 21:32:40,11,5,2,4
21/04/2021 21:32:40,11,5,2,4
21/04/2021 21:32:40,11,5,2,4
21/04/2021 21:32:40,11,5,2,4
21/04/2021 21:32:40,11,5,2,4
21/04/2021 21:32:40,11,5,2,4
21/04/2021 21:32:40,11,5,2,4
21/04/2021 21:32:40,11,5,2,4
21/04/2021 21:32:40,11,5,2,4
21/04/2021 21:32:40,11,4,3,4
21/04/2021 21:32:40,11,4,3,4
21/04/2021 21:32:40,11,4,3,4
21/04/2021 21:32:40,11,4,3,4
21/04/2021 21:32:40,11,4,3,4
21/04/2021 21:32:40,11,4,3,4
21/04/2021 21:32:40,11,4,3,4
21/04/2021 21:32:40,11,4,3,4
21/04/2021 21:32:40,11,4,3,4
21/04/2021 21:32:40,11,4,3,4
21/04/2021 21:32:40,11,4,3,4
21/04/2021 21:32:40,10,5,2,3
21/04/2021 21:32:40,10,5,2,3
21/04/2021 21:32:40,10,5,2,3
21/04/2021 21:32:40,10,5,2,3
21/04/2021 21:32:40,10,5,2,3
21/04/2021 21:32:40,10,5,2,3
21/04/2021 21:32:40,10,5,2,3
21/04/2021 21:32:40,10,5,2,3
21/04/2021 21:32:40,10,5,2,3
21/04/2021 21:32:40,10,5,2,3
21/04/2021 21:32:40,10,5,2,3
21/04/2021 21:32:40,10,5,2,3
21/04/2021 21:32:40,10,5,2,3
21/04/2021 21:32:40,10,5,2,3
21/04/2021 21:32:40,10,5,2,3
21/04/2021 21:32:40,10,5,2,3
21/04/2021 21:32:40,10,5,2,3
21/04/2021 21:32:40,10,5,2,3
21/04/2021 21:32:40,10,5,2,3
21/04/2021 21:32:40,10,5,2,3
21/04/2021 21:32:40,11,7,2,2
21/04/2021 21:32:40,11,7,2,2
21/04/2021 21:32:40,11,7,2,2
21/04/2021 21:32:40,11,7,2,2
21/04/2021 21:32:40,11,7,2,2
21/04/2021 21:32:40,11,7,2,2
21/04/2021 21:32:40,11,7,2,2
21/04/2021 21:32:40,11,7,2,2
21/04/2021 21:32:40,11,7,2,2
21/04/2021 21:32:40,11,7,2,2
21/04/2021 21:32:40,11,7,2,2
21/04/2021 21:32:40,10,5,2,3
21/04/2021 21:32:40,10,5,2,3
21/04/2021 21:32:40,10,5,2,3
21/04/2021 21:32:40,10,5,2,3
21/04/2021 21:32:40,10,5,2,3
21/04/2021 21:32:40,10,5,2,3
21/04/2021 21:32:40,10,5,2,3
21/04/2021 21:32:40,10,5,2,3
21/04/2021 21:32:40,10,5,2,3
21/04/2021 21:32:40,10,5,2,3
21/04/2021 21:32:40,9,5,2,2
21/04/2021 21:32:40,9,5,2,2
21/04/2021 21:32:40,9,5,2,2
21/04/2021 21:32:40,9,5,2,2
21/04/2021 21:32:40,9,5,2,2
21/04/2021 21:32:40,9,5,2,2
21/04/2021 21:32:40,9,5,2,2
21/04/2021 21:32:40,9,5,2,2
21/04/2021 21:32:40,9,5,2,2
21/04/2021 21:32:40,10,5,2,3
21/04/2021 21:32:40,10,5,2,3
21/04/2021 21:32:40,10,5,2,3
21/04/2021 21:32:40,10,5,2,3
21/04/2021 21:32:40,10,5,2,3
21/04/2021 21:32:40,10,5,2,3
21/04/2021 21:32:40,10,5,2,3
21/04/2021 21:32:40,10,5,2,3
21/04/2021 21:32:40,10,5,2,3
21/04/2021 21:32:40,10,5,2,3
21/04/2021 21:32:40,10,5,2,3
21/04/2021 21:32:40,10,5,2,3
21/04/2021 21:32:40,10,5,2,3
21/04/2021 21:32:40,10,5,2,3
21/04/2021 21:32:40,10,5,2,3
21/04/2021 21:32:40,10,5,2,3
21/04/2021 21:32:40,10,5,2,3
21/04/2021 21:32:40,10,5,2,3
21/04/2021 21:32:40,10,5,2,3
21/04/2021 21:32:40,10,5,2,3
21/04/2021 21:32:40,9,5,2,2
21/04/2021 21:32:40,9,5,2,2
21/04/2021 21:32:40,9,5,2,2
21/04/2021 21:32:40,9,5,2,2
21/04/2021 21:32:40,9,5,2,2
21/04/2021 21:32:40,9,5,2,2
21/04/2021 21:32:40,9,5,2,2
21/04/2021 21:32:40,9,5,2,2
21/04/2021 21:32:40,9,5,2,2
21/04/2021 21:43:04,9,5,0,4
21/04/2021 21:43:04,9,5,0,4
21/04/2021 21:43:04,9,5,0,4
21/04/2021 21:43:04,9,5,0,4
21/04/2021 21:43:04,9,5,0,4
21/04/2021 21:43:04,9,5,0,4
21/04/2021 21:43:04,9,5,0,4
21/04/2021 21:43:04,9,5,0,4
21/04/2021 21:43:04,9,5,0,4
21/04/2021 21:43:04,9,5,0,4
21/04/2021 21:43:04,9,5,0,4
21/04/2021 21:43:04,9,5,0,4
21/04/2021 21:43:04,9,5,0,4
21/04/2021 21:43:04,9,5,0,4
21/04/2021 21:43:04,9,5,0,4
21/04/2021 21:43:04,9,5,0,4
21/04/2021 21:43:04,9,5,0,4
21/04/2021 21:43:04,9,5,0,4
21/04/2021 21:43:04,9,5,0,4
21/04/2021 21:43:04,9,5,0,4
21/04/2021 21:43:04,9,5,0,4
21/04/2021 21:43:04,9,5,0,4
21/04/2021 21:43:04,9,5,0,4
21/04/2021 21:43:04,9,5,0,4
21/04/2021 21:43:04,9,5,0,4
21/04/2021 21:43:04,9,5,0,4
21/04/2021 21:43:04,9,5,0,4
21/04/2021 21:43:04,10,7,0,3
21/04/2021 21:43:04,10,7,0,3
21/04/2021 21:43:04,10,7,0,3
21/04/2021 21:43:04,10,7,0,3
21/04/2021 21:43:04,10,7,0,3
21/04/2021 21:43:04,10,7,0,3
21/04/2021 21:43:04,10,7,0,3
21/04/2021 21:43:04,10,7,0,3
21/04/2021 21:43:04,10,7,0,3
21/04/2021 21:43:04,10,7,0,3
21/04/2021 21:43:04,10,7,0,3
21/04/2021 21:43:04,10,7,0,3
21/04/2021 21:43:04,10,7,0,3
21/04/2021 21:43:04,10,7,0,3
21/04/2021 21:43:04,10,7,0,3
21/04/2021 21:43:04,10,7,0,3
21/04/2021 21:43:04,10,7,0,3
21/04/2021 21:43:04,10,7,0,3
21/04/2021 21:43:04,10,7,0,3
21/04/2021 21:43:04,10,7,0,3
21/04/2021 21:43:04,9,5,0,4
21/04/2021 21:43:04,9,5,0,4
21/04/2021 21:43:04,9,5,0,4
21/04/2021 21:43:04,9,5,0,4
21/04/2021 21:43:04,9,5,0,4
21/04/2021 21:43:04,9,5,0,4
21/04/2021 21:43:04,9,5,0,4
21/04/2021 21:43:04,9,5,0,4
21/04/2021 21:43:04,9,5,0,4
21/04/2021 21:43:04,8,5,0,3
21/04/2021 21:43:04,8,5,0,3
21/04/2021 21:43:04,8,5,0,3
21/04/2021 21:43:04,8,5,0,3
21/04/2021 21:43:04,8,5,0,3
21/04/2021 21:43:04,8,5,0,3
21/04/2021 21:43:04,8,5,0,3
21/04/2021 21:43:04,8,5,0,3
21/04/2021 21:43:04,9,5,0,4
21/04/2021 21:43:04,9,5,0,4
21/04/2021 21:43:04,9,5,0,4
21/04/2021 21:43:04,9,5,0,4
21/04/2021 21:43:04,9,5,0,4
21/04/2021 21:43:04,9,5,0,4
21/04/2021 21:43:04,9,5,0,4
21/04/2021 21:43:04,9,5,0,4
21/04/2021 21:43:04,9,5,0,4
21/04/2021 21:43:04,9,5,0,4
21/04/2021 21:43:04,9,5,0,4
21/04/2021 21:43:04,9,5,0,4
21/04/2021 21:43:04,9,5,0,4
21/04/2021 21:43:04,9,5,0,4
21/04/2021 21:43:04,9,5,0,4
21/04/2021 21:43:04,9,5,0,4
21/04/2021 21:43:04,9,5,0,4
21/04/2021 21:43:04,9,5,0,4
21/04/2021 21:43:04,9,5,0,4
21/04/2021 21:43:04,9,5,0,4
21/04/2021 21:43:04,9,5,0,4
21/04/2021 21:43:04,9,5,0,4
21/04/2021 21:43:04,9,5,0,4
21/04/2021 21:43:04,9,5,0,4
21/04/2021 21:43:04,9,5,0,4
21/04/2021 21:43:04,9,5,0,4
21/04/2021 21:43:04,9,5,0,4
21/04/2021 21:43:04,7,4,0,3
21/04/2021 21:43:04,7,4,0,3
21/04/2021 21:43:04,7,4,0,3
21/04/2021 21:43:04,7,4,0,3
21/04/2021 21:43:04,7,4,0,3
21/04/2021 21:43:04,7,4,0,3
21/04/2021 21:43:04,7,4,0,3
21/04/2021 21:43:04,7,4,0,3
21/04/2021 21:43:04,7,4,0,3
21/04/2021 21:43:04,7,4,0,3
21/04/2021 21:43:04,7,4,0,3
21/04/2021 21:43:04,7,4,0,3
21/04/2021 21:43:04,7,4,0,3
21/04/2021 21:43:04,7,4,0,3
21/04/2021 21:43:04,8,6,0,2
21/04/2021 21:43:04,8,6,0,2
21/04/2021 21:43:04,8,6,0,2
21/04/2021 21:43:04,8,6,0,2
21/04/2021 21:43:04,8,6,0,2
21/04/2021 21:43:04,8,6,0,2
21/04/2021 21:43:04,8,6,0,2
21/04/2021 21:43:04,8,6,0,2
21/04/2021 21:43:04,8,6,0,2
21/04/2021 21:43:04,8,6,0,2
21/04/2021 21:43:04,8,6,0,2
21/04/2021 21:43:04,8,6,0,2
21/04/2021 21:43:04,8,6,0,2
21/04/2021 21:43:04,8,6,0,2
21/04/2021 21:43:04,8,6,0,2
21/04/2021 21:43:04,8,6,0,2
21/04/2021 21:43:04,8,4,0,4
21/04/2021 21:43:04,8,4,0,4
21/04/2021 21:43:04,8,4,0,4
21/04/2021 21:43:04,8,4,0,4
21/04/2021 21:43:04,8,4,0,4
21/04/2021 21:43:04,8,4,0,4
21/04/2021 21:43:04,8,4,0,4
21/04/2021 21:43:04,8,4,0,4
21/04/2021 21:43:04,8,4,0,4
21/04/2021 21:43:04,8,4,0,4
21/04/2021 21:43:04,8,4,0,4
21/04/2021 21:43:04,8,4,0,4
21/04/2021 21:43:04,8,4,0,4
21/04/2021 21:43:04,8,4,0,4
21/04/2021 21:43:04,8,4,0,4
21/04/2021 21:43:04,8,4,0,4
21/04/2021 21:43:04,8,4,0,4
21/04/2021 21:43:04,8,4,0,4
21/04/2021 21:43:04,8,4,0,4
21/04/2021 21:43:04,8,4,0,4
21/04/2021 21:43:04,8,4,0,4
21/04/2021 21:43:04,8,4,0,4
21/04/2021 21:43:04,8,4,0,4
21/04/2021 21:43:04,8,4,0,4
21/04/2021 21:43:04,8,4,0,4
21/04/2021 21:43:04,8,4,0,4
21/04/2021 21:43:04,8,4,0,4
21/04/2021 21:43:04,8,4,0,4
21/04/2021 21:43:04,8,4,0,4
21/04/2021 21:43:04,8,4,0,4
21/04/2021 21:43:04,8,4,0,4
21/04/2021 21:43:04,8,4,0,4
21/04/2021 21:43:04,8,4,0,4
21/04/2021 21:43:04,8,4,0,4
21/04/2021 21:43:04,8,4,0,4
21/04/2021 21:43:04,8,4,0,4
21/04/2021 21:43:04,8,4,0,4
21/04/2021 21:43:04,8,4,0,4
21/04/2021 21:43:04,8,4,0,4
21/04/2021 21:43:04,8,4,0,4
21/04/2021 21:43:04,8,2,0,6
21/04/2021 21:43:04,8,2,0,6
21/04/2021 21:43:04,8,2,0,6
21/04/2021 21:43:04,8,2,0,6
21/04/2021 21:43:04,8,2,0,6
21/04/2021 21:43:04,8,2,0,6
21/04/2021 21:43:04,8,2,0,6
21/04/2021 21:43:04,8,2,0,6
21/04/2021 21:43:04,8,2,0,6
21/04/2021 21:43:04,8,2,0,6
21/04/2021 21:43:04,8,2,0,6
21/04/2021 21:43:04,8,2,0,6
21/04/2021 21:43:04,8,2,0,6
21/04/2021 21:43:04,8,2,0,6
21/04/2021 21:43:04,8,2,0,6
21/04/2021 21:43:04,8,2,0,6
21/04/2021 21:43:04,8,2,0,6
21/04/2021 21:43:04,8,2,0,6
21/04/2021 21:43:04,8,2,0,6
21/04/2021 21:43:04,8,2,0,6
21/04/2021 21:43:04,8,2,0,6
21/04/2021 21:43:04,8,2,0,6
21/04/2021 21:43:04,8,2,0,6
21/04/2021 21:43:04,8,2,0,6
